<?xml version="1.0" ?>
<data>
  <!--NOTE: This is an ** Autogenerated file **-->
  <!--NOTE: Sector size is 4096bytes-->
  <program SECTOR_SIZE_IN_BYTES="4096" file_sector_offset="0" filename="aop.mbn" label="aop" num_partition_sectors="128" partofsingleimage="false" physical_partition_number="4" readbackverify="false" size_in_KB="512.0" sparse="false" start_byte_hex="0x6000" start_sector="6"/>
  <program SECTOR_SIZE_IN_BYTES="4096" file_sector_offset="0" filename="tz.mbn" label="tz" num_partition_sectors="1024" partofsingleimage="false" physical_partition_number="4" readbackverify="false" size_in_KB="4096.0" sparse="false" start_byte_hex="0x86000" start_sector="134"/>
  <program SECTOR_SIZE_IN_BYTES="4096" file_sector_offset="0" filename="hyp.mbn" label="hyp" num_partition_sectors="2048" partofsingleimage="false" physical_partition_number="4" readbackverify="false" size_in_KB="8192.0" sparse="false" start_byte_hex="0x486000" start_sector="1158"/>
  <program SECTOR_SIZE_IN_BYTES="4096" file_sector_offset="0" filename="NON-HLOS.bin" label="modem" num_partition_sectors="65536" partofsingleimage="false" physical_partition_number="4" readbackverify="false" size_in_KB="262144.0" sparse="false" start_byte_hex="0xc86000" start_sector="3206"/>
  <program SECTOR_SIZE_IN_BYTES="4096" file_sector_offset="0" filename="BTFM.bin" label="bluetooth" num_partition_sectors="256" partofsingleimage="false" physical_partition_number="4" readbackverify="false" size_in_KB="1024.0" sparse="false" start_byte_hex="0x10c86000" start_sector="68742"/>
  <program SECTOR_SIZE_IN_BYTES="4096" file_sector_offset="0" filename="" label="mdtpsecapp" num_partition_sectors="1024" partofsingleimage="false" physical_partition_number="4" readbackverify="false" size_in_KB="4096.0" sparse="false" start_byte_hex="0x10d86000" start_sector="68998"/>
  <program SECTOR_SIZE_IN_BYTES="4096" file_sector_offset="0" filename="" label="mdtp" num_partition_sectors="8192" partofsingleimage="false" physical_partition_number="4" readbackverify="false" size_in_KB="32768.0" sparse="false" start_byte_hex="0x11186000" start_sector="70022"/>
  <program SECTOR_SIZE_IN_BYTES="4096" file_sector_offset="0" filename="abl.elf" label="abl" num_partition_sectors="256" partofsingleimage="false" physical_partition_number="4" readbackverify="false" size_in_KB="1024.0" sparse="false" start_byte_hex="0x13186000" start_sector="78214"/>
  <program SECTOR_SIZE_IN_BYTES="4096" file_sector_offset="0" filename="dspso.bin" label="dsp" num_partition_sectors="16384" partofsingleimage="false" physical_partition_number="4" readbackverify="false" size_in_KB="65536.0" sparse="false" start_byte_hex="0x13286000" start_sector="78470"/>
  <program SECTOR_SIZE_IN_BYTES="4096" file_sector_offset="0" filename="km4.mbn" label="keymaster" num_partition_sectors="128" partofsingleimage="false" physical_partition_number="4" readbackverify="false" size_in_KB="512.0" sparse="false" start_byte_hex="0x17286000" start_sector="94854"/>
  <program SECTOR_SIZE_IN_BYTES="4096" file_sector_offset="0" filename="boot.img" label="boot" num_partition_sectors="24576" partofsingleimage="false" physical_partition_number="4" readbackverify="false" size_in_KB="98304.0" sparse="false" start_byte_hex="0x17306000" start_sector="94982"/>
  <program SECTOR_SIZE_IN_BYTES="4096" file_sector_offset="0" filename="cmnlib.mbn" label="cmnlib" num_partition_sectors="128" partofsingleimage="false" physical_partition_number="4" readbackverify="false" size_in_KB="512.0" sparse="false" start_byte_hex="0x1d306000" start_sector="119558"/>
  <program SECTOR_SIZE_IN_BYTES="4096" file_sector_offset="0" filename="cmnlib64.mbn" label="cmnlib64" num_partition_sectors="128" partofsingleimage="false" physical_partition_number="4" readbackverify="false" size_in_KB="512.0" sparse="false" start_byte_hex="0x1d386000" start_sector="119686"/>
  <program SECTOR_SIZE_IN_BYTES="4096" file_sector_offset="0" filename="devcfg.mbn" label="devcfg" num_partition_sectors="32" partofsingleimage="false" physical_partition_number="4" readbackverify="false" size_in_KB="128.0" sparse="false" start_byte_hex="0x1d406000" start_sector="119814"/>
  <program SECTOR_SIZE_IN_BYTES="4096" file_sector_offset="0" filename="qupv3fw.elf" label="qupfw" num_partition_sectors="20" partofsingleimage="false" physical_partition_number="4" readbackverify="false" size_in_KB="80.0" sparse="false" start_byte_hex="0x1d426000" start_sector="119846"/>
  <program SECTOR_SIZE_IN_BYTES="4096" file_sector_offset="0" filename="vendor.img" label="vendor" num_partition_sectors="589824" partofsingleimage="false" physical_partition_number="4" readbackverify="false" size_in_KB="2359296.0" sparse="true" start_byte_hex="0x1d43a000" start_sector="119866"/>
  <program SECTOR_SIZE_IN_BYTES="4096" file_sector_offset="0" filename="vbmeta.img" label="vbmeta" num_partition_sectors="16" partofsingleimage="false" physical_partition_number="4" readbackverify="false" size_in_KB="64.0" sparse="false" start_byte_hex="0xad43a000" start_sector="709690"/>
  <program SECTOR_SIZE_IN_BYTES="4096" file_sector_offset="0" filename="dtbo.img" label="dtbo" num_partition_sectors="6144" partofsingleimage="false" physical_partition_number="4" readbackverify="false" size_in_KB="24576.0" sparse="false" start_byte_hex="0xad44a000" start_sector="709706"/>
  <program SECTOR_SIZE_IN_BYTES="4096" file_sector_offset="0" filename="recovery.img" label="recovery" num_partition_sectors="16384" partofsingleimage="false" physical_partition_number="4" readbackverify="false" size_in_KB="65536.0" sparse="false" start_byte_hex="0xaec4a000" start_sector="715850"/>
  <program SECTOR_SIZE_IN_BYTES="4096" file_sector_offset="0" filename="uefi_sec.mbn" label="uefisecapp" num_partition_sectors="512" partofsingleimage="false" physical_partition_number="4" readbackverify="false" size_in_KB="2048.0" sparse="false" start_byte_hex="0xb2c4a000" start_sector="732234"/>
  <program SECTOR_SIZE_IN_BYTES="4096" file_sector_offset="0" filename="imagefv.elf" label="imagefv" num_partition_sectors="512" partofsingleimage="false" physical_partition_number="4" readbackverify="false" size_in_KB="2048.0" sparse="false" start_byte_hex="0xb2e4a000" start_sector="732746"/>
  <program SECTOR_SIZE_IN_BYTES="4096" file_sector_offset="0" filename="" label="core_nhlos" num_partition_sectors="43520" partofsingleimage="false" physical_partition_number="4" readbackverify="false" size_in_KB="174080.0" sparse="false" start_byte_hex="0xb304a000" start_sector="733258"/>
  <program SECTOR_SIZE_IN_BYTES="4096" file_sector_offset="0" filename="" label="devinfo" num_partition_sectors="1" partofsingleimage="false" physical_partition_number="4" readbackverify="false" size_in_KB="4.0" sparse="false" start_byte_hex="0xbda4a000" start_sector="776778"/>
  <program SECTOR_SIZE_IN_BYTES="4096" file_sector_offset="0" filename="" label="dip" num_partition_sectors="256" partofsingleimage="false" physical_partition_number="4" readbackverify="false" size_in_KB="1024.0" sparse="false" start_byte_hex="0xbda4b000" start_sector="776779"/>
  <program SECTOR_SIZE_IN_BYTES="4096" file_sector_offset="0" filename="dpAP.mbn" label="apdp" num_partition_sectors="64" partofsingleimage="false" physical_partition_number="4" readbackverify="false" size_in_KB="256.0" sparse="false" start_byte_hex="0xbdb4b000" start_sector="777035"/>
  <program SECTOR_SIZE_IN_BYTES="4096" file_sector_offset="0" filename="dpMSA.mbn" label="msadp" num_partition_sectors="64" partofsingleimage="false" physical_partition_number="4" readbackverify="false" size_in_KB="256.0" sparse="false" start_byte_hex="0xbdb8b000" start_sector="777099"/>
  <program SECTOR_SIZE_IN_BYTES="4096" file_sector_offset="0" filename="" label="spunvm" num_partition_sectors="2048" partofsingleimage="false" physical_partition_number="4" readbackverify="false" size_in_KB="8192.0" sparse="false" start_byte_hex="0xbdbcb000" start_sector="777163"/>
  <program SECTOR_SIZE_IN_BYTES="4096" file_sector_offset="0" filename="splash.img" label="splash" num_partition_sectors="8356" partofsingleimage="false" physical_partition_number="4" readbackverify="false" size_in_KB="33424.0" sparse="false" start_byte_hex="0xbe3cb000" start_sector="779211"/>
  <program SECTOR_SIZE_IN_BYTES="4096" file_sector_offset="0" filename="" label="limits" num_partition_sectors="1" partofsingleimage="false" physical_partition_number="4" readbackverify="false" size_in_KB="4.0" sparse="false" start_byte_hex="0xc046f000" start_sector="787567"/>
  <program SECTOR_SIZE_IN_BYTES="4096" file_sector_offset="0" filename="" label="toolsfv" num_partition_sectors="256" partofsingleimage="false" physical_partition_number="4" readbackverify="false" size_in_KB="1024.0" sparse="false" start_byte_hex="0xc0470000" start_sector="787568"/>
  <program SECTOR_SIZE_IN_BYTES="4096" file_sector_offset="0" filename="logfs_ufs_8mb.bin" label="logfs" num_partition_sectors="2048" partofsingleimage="false" physical_partition_number="4" readbackverify="false" size_in_KB="8192.0" sparse="false" start_byte_hex="0xc0570000" start_sector="787824"/>
  <program SECTOR_SIZE_IN_BYTES="4096" file_sector_offset="0" filename="" label="cateloader" num_partition_sectors="512" partofsingleimage="false" physical_partition_number="4" readbackverify="false" size_in_KB="2048.0" sparse="false" start_byte_hex="0xc0d70000" start_sector="789872"/>
  <program SECTOR_SIZE_IN_BYTES="4096" file_sector_offset="0" filename="" label="logdump" num_partition_sectors="16384" partofsingleimage="false" physical_partition_number="4" readbackverify="false" size_in_KB="65536.0" sparse="false" start_byte_hex="0xc0f70000" start_sector="790384"/>
  <program SECTOR_SIZE_IN_BYTES="4096" file_sector_offset="0" filename="storsec.mbn" label="storsec" num_partition_sectors="32" partofsingleimage="false" physical_partition_number="4" readbackverify="false" size_in_KB="128.0" sparse="false" start_byte_hex="0xc4f70000" start_sector="806768"/>
  <program SECTOR_SIZE_IN_BYTES="4096" file_sector_offset="0" filename="oppo_sec.mbn" label="oppo_sec" num_partition_sectors="2560" partofsingleimage="false" physical_partition_number="4" readbackverify="false" size_in_KB="10240.0" sparse="false" start_byte_hex="0xc4f90000" start_sector="806800"/>
  <program SECTOR_SIZE_IN_BYTES="4096" file_sector_offset="0" filename="multi_image.mbn" label="multiimgoem" num_partition_sectors="8" partofsingleimage="false" physical_partition_number="4" readbackverify="false" size_in_KB="32.0" sparse="false" start_byte_hex="0xc5990000" start_sector="809360"/>
  <program SECTOR_SIZE_IN_BYTES="4096" file_sector_offset="0" filename="" label="multiimgqti" num_partition_sectors="8" partofsingleimage="false" physical_partition_number="4" readbackverify="false" size_in_KB="32.0" sparse="false" start_byte_hex="0xc5998000" start_sector="809368"/>
  <program SECTOR_SIZE_IN_BYTES="4096" file_sector_offset="0" filename="" label="uefivarstore" num_partition_sectors="128" partofsingleimage="false" physical_partition_number="4" readbackverify="false" size_in_KB="512.0" sparse="false" start_byte_hex="0xc59a0000" start_sector="809376"/>
  <program SECTOR_SIZE_IN_BYTES="4096" file_sector_offset="0" filename="sec.dat" label="secdata" num_partition_sectors="7" partofsingleimage="false" physical_partition_number="4" readbackverify="false" size_in_KB="28.0" sparse="false" start_byte_hex="0xc5a20000" start_sector="809504"/>
  <program SECTOR_SIZE_IN_BYTES="4096" file_sector_offset="0" filename="" label="catefv" num_partition_sectors="128" partofsingleimage="false" physical_partition_number="4" readbackverify="false" size_in_KB="512.0" sparse="false" start_byte_hex="0xc5a27000" start_sector="809511"/>
  <program SECTOR_SIZE_IN_BYTES="4096" file_sector_offset="0" filename="" label="catecontentfv" num_partition_sectors="256" partofsingleimage="false" physical_partition_number="4" readbackverify="false" size_in_KB="1024.0" sparse="false" start_byte_hex="0xc5aa7000" start_sector="809639"/>
  <program SECTOR_SIZE_IN_BYTES="4096" file_sector_offset="0" filename="" label="last_parti" num_partition_sectors="0" partofsingleimage="false" physical_partition_number="4" readbackverify="false" size_in_KB="0" sparse="false" start_byte_hex="0xc5ba7000" start_sector="809895"/>
  <program SECTOR_SIZE_IN_BYTES="4096" file_sector_offset="0" filename="gpt_main4.bin" label="PrimaryGPT" num_partition_sectors="6" partofsingleimage="true" physical_partition_number="4" readbackverify="false" size_in_KB="24.0" sparse="false" start_byte_hex="0x0" start_sector="0"/>
  <program SECTOR_SIZE_IN_BYTES="4096" file_sector_offset="0" filename="gpt_backup4.bin" label="BackupGPT" num_partition_sectors="5" partofsingleimage="true" physical_partition_number="4" readbackverify="false" size_in_KB="20.0" sparse="false" start_byte_hex="(4096*NUM_DISK_SECTORS)-20480." start_sector="NUM_DISK_SECTORS-5."/>
</data>
