<?xml version="1.0" ?>
<data>
  <!--NOTE: This is an ** Autogenerated file **-->
  <!--NOTE: Sector size is 4096bytes-->
  <program SECTOR_SIZE_IN_BYTES="4096" file_sector_offset="0" filename="" label="ssd" num_partition_sectors="2" partofsingleimage="false" physical_partition_number="0" readbackverify="false" size_in_KB="8.0" sparse="false" start_byte_hex="0x6000" start_sector="6"/>
  <program SECTOR_SIZE_IN_BYTES="4096" file_sector_offset="0" filename="persist.img" label="persist" num_partition_sectors="8192" partofsingleimage="false" physical_partition_number="0" readbackverify="false" size_in_KB="32768.0" sparse="false" start_byte_hex="0x8000" start_sector="8"/>
  <program SECTOR_SIZE_IN_BYTES="4096" file_sector_offset="0" filename="" label="misc" num_partition_sectors="256" partofsingleimage="false" physical_partition_number="0" readbackverify="false" size_in_KB="1024.0" sparse="false" start_byte_hex="0x2008000" start_sector="8200"/>
  <program SECTOR_SIZE_IN_BYTES="4096" file_sector_offset="0" filename="" label="keystore" num_partition_sectors="128" partofsingleimage="false" physical_partition_number="0" readbackverify="false" size_in_KB="512.0" sparse="false" start_byte_hex="0x2108000" start_sector="8456"/>
  <program SECTOR_SIZE_IN_BYTES="4096" file_sector_offset="0" filename="" label="frp" num_partition_sectors="128" partofsingleimage="false" physical_partition_number="0" readbackverify="false" size_in_KB="512.0" sparse="false" start_byte_hex="0x2188000" start_sector="8584"/>
  <program SECTOR_SIZE_IN_BYTES="4096" file_sector_offset="0" filename="cache.img" label="cache" num_partition_sectors="65536" partofsingleimage="false" physical_partition_number="0" readbackverify="false" size_in_KB="262144.0" sparse="true" start_byte_hex="0x2208000" start_sector="8712"/>
  <program SECTOR_SIZE_IN_BYTES="4096" file_sector_offset="0" filename="system.img" label="system" num_partition_sectors="1389363" partofsingleimage="false" physical_partition_number="0" readbackverify="false" size_in_KB="5557452.0" sparse="true" start_byte_hex="0x12208000" start_sector="74248"/>
  <program SECTOR_SIZE_IN_BYTES="4096" file_sector_offset="0" filename="" label="metadata" num_partition_sectors="4096" partofsingleimage="false" physical_partition_number="0" readbackverify="false" size_in_KB="16384.0" sparse="true" start_byte_hex="0x16553b000" start_sector="1463611"/>
  <program SECTOR_SIZE_IN_BYTES="4096" file_sector_offset="0" filename="" label="rawdump" num_partition_sectors="32768" partofsingleimage="false" physical_partition_number="0" readbackverify="false" size_in_KB="131072.0" sparse="false" start_byte_hex="0x16653b000" start_sector="1467707"/>
  <program SECTOR_SIZE_IN_BYTES="4096" file_sector_offset="0" filename="" label="vm-kystore" num_partition_sectors="256" partofsingleimage="false" physical_partition_number="0" readbackverify="false" size_in_KB="1024.0" sparse="false" start_byte_hex="0x16e53b000" start_sector="1500475"/>
  <program SECTOR_SIZE_IN_BYTES="4096" file_sector_offset="0" filename="" label="vm-data" num_partition_sectors="2560" partofsingleimage="false" physical_partition_number="0" readbackverify="false" size_in_KB="10240.0" sparse="false" start_byte_hex="0x16e63b000" start_sector="1500731"/>
  <program SECTOR_SIZE_IN_BYTES="4096" file_sector_offset="0" filename="" label="vm-system" num_partition_sectors="32768" partofsingleimage="false" physical_partition_number="0" readbackverify="false" size_in_KB="131072.0" sparse="false" start_byte_hex="0x16f03b000" start_sector="1503291"/>
  <program SECTOR_SIZE_IN_BYTES="4096" file_sector_offset="0" filename="" label="vm-linux" num_partition_sectors="8192" partofsingleimage="false" physical_partition_number="0" readbackverify="false" size_in_KB="32768.0" sparse="false" start_byte_hex="0x17703b000" start_sector="1536059"/>
  <program SECTOR_SIZE_IN_BYTES="4096" file_sector_offset="0" filename="engineering_cdt.img" label="odm" num_partition_sectors="65536" partofsingleimage="false" physical_partition_number="0" readbackverify="false" size_in_KB="262144.0" sparse="false" start_byte_hex="0x17903b000" start_sector="1544251"/>
  <program SECTOR_SIZE_IN_BYTES="4096" file_sector_offset="0" filename="userdata.img" label="userdata" num_partition_sectors="0" partofsingleimage="false" physical_partition_number="0" readbackverify="false" size_in_KB="0" sparse="true" start_byte_hex="0x18903b000" start_sector="1609787"/>
  <program SECTOR_SIZE_IN_BYTES="4096" file_sector_offset="0" filename="gpt_main0.bin" label="PrimaryGPT" num_partition_sectors="6" partofsingleimage="true" physical_partition_number="0" readbackverify="false" size_in_KB="24.0" sparse="false" start_byte_hex="0x0" start_sector="0"/>
  <program SECTOR_SIZE_IN_BYTES="4096" file_sector_offset="0" filename="gpt_backup0.bin" label="BackupGPT" num_partition_sectors="5" partofsingleimage="true" physical_partition_number="0" readbackverify="false" size_in_KB="20.0" sparse="false" start_byte_hex="(4096*NUM_DISK_SECTORS)-20480." start_sector="NUM_DISK_SECTORS-5."/>
</data>
