<?xml version="1.0" ?>
<data>
  <!--NOTE: This is an ** Autogenerated file **-->
  <!--NOTE: Sector size is 4096bytes-->
  <program SECTOR_SIZE_IN_BYTES="4096" file_sector_offset="0" filename="" label="ALIGN_TO_128K_2" num_partition_sectors="26" partofsingleimage="false" physical_partition_number="5" readbackverify="false" size_in_KB="104.0" sparse="false" start_byte_hex="0x6000" start_sector="6"/>
  <program SECTOR_SIZE_IN_BYTES="4096" file_sector_offset="0" filename="dynamic_nvbk.bin" label="oppodycnvbk" num_partition_sectors="2560" partofsingleimage="false" physical_partition_number="5" readbackverify="false" size_in_KB="10240.0" sparse="false" start_byte_hex="0x20000" start_sector="32"/>
  <program SECTOR_SIZE_IN_BYTES="4096" file_sector_offset="0" filename="static_nvbk.bin" label="oppostanvbk" num_partition_sectors="2560" partofsingleimage="false" physical_partition_number="5" readbackverify="false" size_in_KB="10240.0" sparse="false" start_byte_hex="0xa20000" start_sector="2592"/>
  <program SECTOR_SIZE_IN_BYTES="4096" file_sector_offset="0" filename="" label="modemst1" num_partition_sectors="512" partofsingleimage="false" physical_partition_number="5" readbackverify="false" size_in_KB="2048.0" sparse="false" start_byte_hex="0x1420000" start_sector="5152"/>
  <program SECTOR_SIZE_IN_BYTES="4096" file_sector_offset="0" filename="" label="modemst2" num_partition_sectors="512" partofsingleimage="false" physical_partition_number="5" readbackverify="false" size_in_KB="2048.0" sparse="false" start_byte_hex="0x1620000" start_sector="5664"/>
  <program SECTOR_SIZE_IN_BYTES="4096" file_sector_offset="0" filename="emmc_fw.bin" label="opporeserve1" num_partition_sectors="2048" partofsingleimage="false" physical_partition_number="5" readbackverify="false" size_in_KB="8192.0" sparse="false" start_byte_hex="0x1820000" start_sector="6176"/>
  <program SECTOR_SIZE_IN_BYTES="4096" file_sector_offset="0" filename="opporeserve2.img" label="opporeserve2" num_partition_sectors="16384" partofsingleimage="false" physical_partition_number="5" readbackverify="false" size_in_KB="65536.0" sparse="true" start_byte_hex="0x2020000" start_sector="8224"/>
  <program SECTOR_SIZE_IN_BYTES="4096" file_sector_offset="0" filename="" label="opporeserve3" num_partition_sectors="16384" partofsingleimage="false" physical_partition_number="5" readbackverify="false" size_in_KB="65536.0" sparse="false" start_byte_hex="0x6020000" start_sector="24608"/>
  <program SECTOR_SIZE_IN_BYTES="4096" file_sector_offset="0" filename="" label="carrier" num_partition_sectors="2048" partofsingleimage="false" physical_partition_number="5" readbackverify="false" size_in_KB="8192.0" sparse="false" start_byte_hex="0xa020000" start_sector="40992"/>
  <program SECTOR_SIZE_IN_BYTES="4096" file_sector_offset="0" filename="DRIVER.ISO" label="DRIVER" num_partition_sectors="8192" partofsingleimage="false" physical_partition_number="5" readbackverify="false" size_in_KB="32768.0" sparse="false" start_byte_hex="0xa820000" start_sector="43040"/>
  <program SECTOR_SIZE_IN_BYTES="4096" file_sector_offset="0" filename="" label="fsg" num_partition_sectors="512" partofsingleimage="false" physical_partition_number="5" readbackverify="false" size_in_KB="2048.0" sparse="false" start_byte_hex="0xc820000" start_sector="51232"/>
  <program SECTOR_SIZE_IN_BYTES="4096" file_sector_offset="0" filename="" label="fsc" num_partition_sectors="32" partofsingleimage="false" physical_partition_number="5" readbackverify="false" size_in_KB="128.0" sparse="false" start_byte_hex="0xca20000" start_sector="51744"/>
  <program SECTOR_SIZE_IN_BYTES="4096" file_sector_offset="0" filename="" label="last_parti" num_partition_sectors="0" partofsingleimage="false" physical_partition_number="5" readbackverify="false" size_in_KB="0" sparse="false" start_byte_hex="0xca40000" start_sector="51776"/>
  <program SECTOR_SIZE_IN_BYTES="4096" file_sector_offset="0" filename="gpt_main5.bin" label="PrimaryGPT" num_partition_sectors="6" partofsingleimage="true" physical_partition_number="5" readbackverify="false" size_in_KB="24.0" sparse="false" start_byte_hex="0x0" start_sector="0"/>
  <program SECTOR_SIZE_IN_BYTES="4096" file_sector_offset="0" filename="gpt_backup5.bin" label="BackupGPT" num_partition_sectors="5" partofsingleimage="true" physical_partition_number="5" readbackverify="false" size_in_KB="20.0" sparse="false" start_byte_hex="(4096*NUM_DISK_SECTORS)-20480." start_sector="NUM_DISK_SECTORS-5."/>
</data>
