<?xml version="1.0" ?>
<data>
  <!--NOTE: This is an ** Autogenerated file **-->
  <!--NOTE: Sector size is 4096bytes-->
  <program SECTOR_SIZE_IN_BYTES="4096" file_sector_offset="0" filename="" label="ALIGN_TO_128K_2" num_partition_sectors="26" partofsingleimage="false" physical_partition_number="5" readbackverify="false" size_in_KB="104.0" sparse="false" start_byte_hex="0x6000" start_sector="6"/>
  <program SECTOR_SIZE_IN_BYTES="4096" file_sector_offset="0" filename="dynamic_nvbk.bin" label="oppodycnvbk" num_partition_sectors="5120" partofsingleimage="false" physical_partition_number="5" readbackverify="false" size_in_KB="20480.0" sparse="false" start_byte_hex="0x20000" start_sector="32"/>
  <program SECTOR_SIZE_IN_BYTES="4096" file_sector_offset="0" filename="static_nvbk.bin" label="oppostanvbk" num_partition_sectors="5120" partofsingleimage="false" physical_partition_number="5" readbackverify="false" size_in_KB="20480.0" sparse="false" start_byte_hex="0x1420000" start_sector="5152"/>
  <program SECTOR_SIZE_IN_BYTES="4096" file_sector_offset="0" filename="" label="modemst1" num_partition_sectors="512" partofsingleimage="false" physical_partition_number="5" readbackverify="false" size_in_KB="2048.0" sparse="false" start_byte_hex="0x2820000" start_sector="10272"/>
  <program SECTOR_SIZE_IN_BYTES="4096" file_sector_offset="0" filename="" label="modemst2" num_partition_sectors="512" partofsingleimage="false" physical_partition_number="5" readbackverify="false" size_in_KB="2048.0" sparse="false" start_byte_hex="0x2a20000" start_sector="10784"/>
  <program SECTOR_SIZE_IN_BYTES="4096" file_sector_offset="0" filename="" label="fsg" num_partition_sectors="512" partofsingleimage="false" physical_partition_number="5" readbackverify="false" size_in_KB="2048.0" sparse="false" start_byte_hex="0x2c20000" start_sector="11296"/>
  <program SECTOR_SIZE_IN_BYTES="4096" file_sector_offset="0" filename="" label="fsc" num_partition_sectors="32" partofsingleimage="false" physical_partition_number="5" readbackverify="false" size_in_KB="128.0" sparse="false" start_byte_hex="0x2e20000" start_sector="11808"/>
  <program SECTOR_SIZE_IN_BYTES="4096" file_sector_offset="0" filename="" label="mdm1m9kefs3" num_partition_sectors="512" partofsingleimage="false" physical_partition_number="5" readbackverify="false" size_in_KB="2048.0" sparse="false" start_byte_hex="0x2e40000" start_sector="11840"/>
  <program SECTOR_SIZE_IN_BYTES="4096" file_sector_offset="0" filename="" label="mdm1m9kefs1" num_partition_sectors="512" partofsingleimage="false" physical_partition_number="5" readbackverify="false" size_in_KB="2048.0" sparse="false" start_byte_hex="0x3040000" start_sector="12352"/>
  <program SECTOR_SIZE_IN_BYTES="4096" file_sector_offset="0" filename="" label="mdm1m9kefs2" num_partition_sectors="512" partofsingleimage="false" physical_partition_number="5" readbackverify="false" size_in_KB="2048.0" sparse="false" start_byte_hex="0x3240000" start_sector="12864"/>
  <program SECTOR_SIZE_IN_BYTES="4096" file_sector_offset="0" filename="" label="mdm1m9kefsc" num_partition_sectors="1" partofsingleimage="false" physical_partition_number="5" readbackverify="false" size_in_KB="4.0" sparse="false" start_byte_hex="0x3440000" start_sector="13376"/>
  <program SECTOR_SIZE_IN_BYTES="4096" file_sector_offset="0" filename="" label="mdm1oemnvbktmp" num_partition_sectors="512" partofsingleimage="false" physical_partition_number="5" readbackverify="false" size_in_KB="2048.0" sparse="false" start_byte_hex="0x3441000" start_sector="13377"/>
  <program SECTOR_SIZE_IN_BYTES="4096" file_sector_offset="0" filename="emmc_fw.bin" label="opporeserve1" num_partition_sectors="2048" partofsingleimage="false" physical_partition_number="5" readbackverify="false" size_in_KB="8192.0" sparse="false" start_byte_hex="0x3641000" start_sector="13889"/>
  <program SECTOR_SIZE_IN_BYTES="4096" file_sector_offset="0" filename="opporeserve2.img" label="opporeserve2" num_partition_sectors="32768" partofsingleimage="false" physical_partition_number="5" readbackverify="false" size_in_KB="131072.0" sparse="true" start_byte_hex="0x3e41000" start_sector="15937"/>
  <program SECTOR_SIZE_IN_BYTES="4096" file_sector_offset="0" filename="" label="opporeserve3" num_partition_sectors="16384" partofsingleimage="false" physical_partition_number="5" readbackverify="false" size_in_KB="65536.0" sparse="false" start_byte_hex="0xbe41000" start_sector="48705"/>
  <program SECTOR_SIZE_IN_BYTES="4096" file_sector_offset="0" filename="" label="opporeserve4" num_partition_sectors="8192" partofsingleimage="false" physical_partition_number="5" readbackverify="false" size_in_KB="32768.0" sparse="false" start_byte_hex="0xfe41000" start_sector="65089"/>
  <program SECTOR_SIZE_IN_BYTES="4096" file_sector_offset="0" filename="" label="opporeserve5" num_partition_sectors="16384" partofsingleimage="false" physical_partition_number="5" readbackverify="false" size_in_KB="65536.0" sparse="false" start_byte_hex="0x11e41000" start_sector="73281"/>
  <program SECTOR_SIZE_IN_BYTES="4096" file_sector_offset="0" filename="DRIVER.ISO" label="DRIVER" num_partition_sectors="8192" partofsingleimage="false" physical_partition_number="5" readbackverify="false" size_in_KB="32768.0" sparse="false" start_byte_hex="0x15e41000" start_sector="89665"/>
  <program SECTOR_SIZE_IN_BYTES="4096" file_sector_offset="0" filename="" label="last_parti" num_partition_sectors="0" partofsingleimage="false" physical_partition_number="5" readbackverify="false" size_in_KB="0" sparse="false" start_byte_hex="0x17e41000" start_sector="97857"/>
  <program SECTOR_SIZE_IN_BYTES="4096" file_sector_offset="0" filename="gpt_main5.bin" label="PrimaryGPT" num_partition_sectors="6" partofsingleimage="true" physical_partition_number="5" readbackverify="false" size_in_KB="24.0" sparse="false" start_byte_hex="0x0" start_sector="0"/>
  <program SECTOR_SIZE_IN_BYTES="4096" file_sector_offset="0" filename="gpt_backup5.bin" label="BackupGPT" num_partition_sectors="5" partofsingleimage="true" physical_partition_number="5" readbackverify="false" size_in_KB="20.0" sparse="false" start_byte_hex="(4096*NUM_DISK_SECTORS)-20480." start_sector="NUM_DISK_SECTORS-5."/>
</data>
