<?xml version="1.0" encoding="UTF-8" standalone="yes" ?>
<FIRMWARE>
	<FIRMWARE_UPDATE count="2">
		<File name="KLUDG4UHDB-B2D1" manufacturer="SAMSUNG" target_version="1302">
			<rule start_version="400" last_version="900"/>
			<rule start_version="900" last_version="1302"/>
		</File>
		<File name="KLUEG8UHDB-C2D1" manufacturer="SAMSUNG" target_version="1302">
			<rule start_version="400" last_version="900"/>
			<rule start_version="900" last_version="1302"/>
		</File>
	</FIRMWARE_UPDATE>
	<FIRMWARE_FILE>
		<File Name="samsung" Path="SS_KLUDG4UHDB-B2D1_0900.fw" />
		<File Name="samsung" Path="SS_KLUDG4UHDB-B2D1_1302.fw" />
		<File Name="samsung" Path="SS_KLUEG8UHDB-C2D1_0900.fw" />
		<File Name="samsung" Path="SS_KLUEG8UHDB-C2D1_1302.fw" />
	</FIRMWARE_FILE>
</FIRMWARE>
