<!-- --------------------------------------------------------------- -->
<!-- WARNING: PROVISIONING UFS IS A ONE TIME OPERATION IN FACTORY    -->
<!--          SO CARE MUST BE TAKEN TO ENSURE THE PARAMETERS         -->
<!--          IN THIS CONFIGURATION FILE MEETS THE END PRODUCT       -->
<!--          REQUIREMENTS. PLEASE REFER TO THE QUALCOMM FLASH IMAGE -->
<!--          LOADER (QFIL) USER GUIDE (80-NN120-1) FOR MORE DETAILS -->
<!--          ON THE PROVISIONING                                    -->
<!-- --------------------------------------------------------------- -->

<?xml version="1.0" ?> 
<data>
    <ufs bNumberLU="0" bBootEnable="1" bDescrAccessEn="0" bInitPowerMode="1" bHighPriorityLUN="0x5" bSecureRemovalType="0" bInitActiveICCLevel="0" wPeriodicRTCUpdate="0" bConfigDescrLock="0" bWriteBoosterBufferPreserveUserSpaceEn="1" bWriteBoosterBufferType="0" shared_wb_buffer_size_in_kb="0"/>

    <ufs LUNum="0" bLUEnable="2" bBootLunID="0" size_in_kb="4096"     bDataReliability="0" bLUWriteProtect="0" bMemoryType="0" bLogicalBlockSize="0x0c" bProvisioningType="2" wContextCapabilities="0" wLUMaxActiveHPBRegions="4096" wHPBPinnedRegionStartIdx="0" wNumHPBPinnedRegions="0" wb_buffer_size_in_kb="8388608" desc="LU 0 - User LUN - Rest of the device" />
    <ufs LUNum="1" bLUEnable="1" bBootLunID="1" size_in_kb="8192"     bDataReliability="0" bLUWriteProtect="1" bMemoryType="3" bLogicalBlockSize="0x0c" bProvisioningType="2" wContextCapabilities="0" wLUMaxActiveHPBRegions="0" wHPBPinnedRegionStartIdx="0" wNumHPBPinnedRegions="0" wb_buffer_size_in_kb="0" desc="LU 1 - Boot LUN A-8MB" />
    <ufs LUNum="2" bLUEnable="1" bBootLunID="2" size_in_kb="8192"     bDataReliability="0" bLUWriteProtect="1" bMemoryType="3" bLogicalBlockSize="0x0c" bProvisioningType="2" wContextCapabilities="0" wLUMaxActiveHPBRegions="0" wHPBPinnedRegionStartIdx="0" wNumHPBPinnedRegions="0" wb_buffer_size_in_kb="0" desc="LU 2 - Boot LUN B-8MB" />
    <ufs LUNum="3" bLUEnable="1" bBootLunID="0" size_in_kb="131072"   bDataReliability="0" bLUWriteProtect="1" bMemoryType="0" bLogicalBlockSize="0x0c" bProvisioningType="2" wContextCapabilities="0" wLUMaxActiveHPBRegions="0" wHPBPinnedRegionStartIdx="0" wNumHPBPinnedRegions="0" wb_buffer_size_in_kb="0" desc="LU 3 - OTP LUN-128MB" />
    <ufs LUNum="4" bLUEnable="1" bBootLunID="0" size_in_kb="2223308"  bDataReliability="0" bLUWriteProtect="1" bMemoryType="0" bLogicalBlockSize="0x0c" bProvisioningType="2" wContextCapabilities="0" wLUMaxActiveHPBRegions="0" wHPBPinnedRegionStartIdx="0" wNumHPBPinnedRegions="0" wb_buffer_size_in_kb="0" desc="LU 4 - Protected Read-only LUN-6GB" />
    <ufs LUNum="5" bLUEnable="1" bBootLunID="0" size_in_kb="426292"   bDataReliability="0" bLUWriteProtect="0" bMemoryType="0" bLogicalBlockSize="0x0c" bProvisioningType="2" wContextCapabilities="0" wLUMaxActiveHPBRegions="0" wHPBPinnedRegionStartIdx="0" wNumHPBPinnedRegions="0" wb_buffer_size_in_kb="0" desc="LU 5 - Protected Read-write LUN-512MB" />
    <ufs LUNum="6" bLUEnable="0" bBootLunID="0" size_in_kb="0"        bDataReliability="0" bLUWriteProtect="0" bMemoryType="0" bLogicalBlockSize="0x0c" bProvisioningType="0" wContextCapabilities="0" wLUMaxActiveHPBRegions="0" wHPBPinnedRegionStartIdx="0" wNumHPBPinnedRegions="0" wb_buffer_size_in_kb="0" desc="LU 6 - Place Holder1 LUN" />
    <ufs LUNum="7" bLUEnable="0" bBootLunID="0" size_in_kb="0"        bDataReliability="0" bLUWriteProtect="0" bMemoryType="0" bLogicalBlockSize="0x0c" bProvisioningType="0" wContextCapabilities="0" wLUMaxActiveHPBRegions="0" wHPBPinnedRegionStartIdx="0" wNumHPBPinnedRegions="0" wb_buffer_size_in_kb="0" desc="LU 7 - Place Holder2 LUN" />
    
    <ufs LUNtoGrow="0" commit="1"/>

</data>


