<?xml version="1.0" ?>
<data>
  <!--NOTE: This is an ** Autogenerated file **-->
  <!--NOTE: Sector size is 4096bytes-->
  <program SECTOR_SIZE_IN_BYTES="4096" file_sector_offset="0" filename="" label="ssd" num_partition_sectors="2" partofsingleimage="false" physical_partition_number="0" readbackverify="false" size_in_KB="8.0" sparse="false" start_byte_hex="0x6000" start_sector="6"/>
  <program SECTOR_SIZE_IN_BYTES="4096" file_sector_offset="0" filename="persist.img" label="persist" num_partition_sectors="8192" partofsingleimage="false" physical_partition_number="0" readbackverify="false" size_in_KB="32768.0" sparse="false" start_byte_hex="0x8000" start_sector="8"/>
  <program SECTOR_SIZE_IN_BYTES="4096" file_sector_offset="0" filename="" label="misc" num_partition_sectors="256" partofsingleimage="false" physical_partition_number="0" readbackverify="false" size_in_KB="1024.0" sparse="false" start_byte_hex="0x2008000" start_sector="8200"/>
  <program SECTOR_SIZE_IN_BYTES="4096" file_sector_offset="0" filename="" label="keystore" num_partition_sectors="128" partofsingleimage="false" physical_partition_number="0" readbackverify="false" size_in_KB="512.0" sparse="false" start_byte_hex="0x2108000" start_sector="8456"/>
  <program SECTOR_SIZE_IN_BYTES="4096" file_sector_offset="0" filename="" label="frp" num_partition_sectors="128" partofsingleimage="false" physical_partition_number="0" readbackverify="false" size_in_KB="512.0" sparse="false" start_byte_hex="0x2188000" start_sector="8584"/>
  <program SECTOR_SIZE_IN_BYTES="4096" file_sector_offset="0" filename="param.bin" label="param" num_partition_sectors="256" partofsingleimage="false" physical_partition_number="0" readbackverify="false" size_in_KB="1024.0" sparse="false" start_byte_hex="0x2208000" start_sector="8712"/>
  <program SECTOR_SIZE_IN_BYTES="4096" file_sector_offset="0" filename="dynamic_nvbk.20806.bin" label="mdm_oem_dycnvbk" num_partition_sectors="2560" partofsingleimage="false" physical_partition_number="0" readbackverify="false" size_in_KB="10240.0" sparse="false" start_byte_hex="0x2308000" start_sector="8968"/>
  <program SECTOR_SIZE_IN_BYTES="4096" file_sector_offset="0" filename="static_nvbk.20806.bin" label="mdm_oem_stanvbk" num_partition_sectors="2560" partofsingleimage="false" physical_partition_number="0" readbackverify="false" size_in_KB="10240.0" sparse="false" start_byte_hex="0x2d08000" start_sector="11528"/>
  <program SECTOR_SIZE_IN_BYTES="4096" file_sector_offset="0" filename="modemdump.img" label="modemdump" num_partition_sectors="76800" partofsingleimage="false" physical_partition_number="0" readbackverify="false" size_in_KB="307200.0" sparse="true" start_byte_hex="0x3708000" start_sector="14088"/>
  <program SECTOR_SIZE_IN_BYTES="4096" file_sector_offset="0" filename="" label="carrier" num_partition_sectors="16384" partofsingleimage="false" physical_partition_number="0" readbackverify="false" size_in_KB="65536.0" sparse="true" start_byte_hex="0x16308000" start_sector="90888"/>
  <program SECTOR_SIZE_IN_BYTES="4096" file_sector_offset="0" filename="op2.img" label="op2" num_partition_sectors="131072" partofsingleimage="false" physical_partition_number="0" readbackverify="false" size_in_KB="524288.0" sparse="true" start_byte_hex="0x1a308000" start_sector="107272"/>
  <program SECTOR_SIZE_IN_BYTES="4096" file_sector_offset="0" filename="config.bin" label="config" num_partition_sectors="128" partofsingleimage="false" physical_partition_number="0" readbackverify="false" size_in_KB="512.0" sparse="false" start_byte_hex="0x3a308000" start_sector="238344"/>
  <program SECTOR_SIZE_IN_BYTES="4096" file_sector_offset="0" filename="persist.img" label="persist_bkp" num_partition_sectors="8192" partofsingleimage="false" physical_partition_number="0" readbackverify="false" size_in_KB="32768.0" sparse="false" start_byte_hex="0x3a388000" start_sector="238472"/>
  <program SECTOR_SIZE_IN_BYTES="4096" file_sector_offset="0" filename="" label="ALIGN_TO_512K" num_partition_sectors="120" partofsingleimage="false" physical_partition_number="0" readbackverify="false" size_in_KB="480.0" sparse="false" start_byte_hex="0x3c388000" start_sector="246664"/>
  <program SECTOR_SIZE_IN_BYTES="4096" file_sector_offset="0" filename="super.img" label="super" num_partition_sectors="1835008" partofsingleimage="false" physical_partition_number="0" readbackverify="false" size_in_KB="7340032.0" sparse="true" start_byte_hex="0x3c400000" start_sector="246784"/>
  <program SECTOR_SIZE_IN_BYTES="4096" file_sector_offset="0" filename="recovery.img" label="recovery_a" num_partition_sectors="25600" partofsingleimage="false" physical_partition_number="0" readbackverify="false" size_in_KB="102400.0" sparse="false" start_byte_hex="0x1fc400000" start_sector="2081792"/>
  <program SECTOR_SIZE_IN_BYTES="4096" file_sector_offset="0" filename="" label="recovery_b" num_partition_sectors="25600" partofsingleimage="false" physical_partition_number="0" readbackverify="false" size_in_KB="102400.0" sparse="false" start_byte_hex="0x202800000" start_sector="2107392"/>
  <program SECTOR_SIZE_IN_BYTES="4096" file_sector_offset="0" filename="vbmeta_system.img" label="vbmeta_system_a" num_partition_sectors="16" partofsingleimage="false" physical_partition_number="0" readbackverify="false" size_in_KB="64.0" sparse="false" start_byte_hex="0x208c00000" start_sector="2132992"/>
  <program SECTOR_SIZE_IN_BYTES="4096" file_sector_offset="0" filename="" label="vbmeta_system_b" num_partition_sectors="16" partofsingleimage="false" physical_partition_number="0" readbackverify="false" size_in_KB="64.0" sparse="false" start_byte_hex="0x208c10000" start_sector="2133008"/>
  <program SECTOR_SIZE_IN_BYTES="4096" file_sector_offset="0" filename="metadata.img" label="metadata" num_partition_sectors="4096" partofsingleimage="false" physical_partition_number="0" readbackverify="false" size_in_KB="16384.0" sparse="false" start_byte_hex="0x208c20000" start_sector="2133024"/>
  <program SECTOR_SIZE_IN_BYTES="4096" file_sector_offset="0" filename="" label="vm-system_a" num_partition_sectors="32768" partofsingleimage="false" physical_partition_number="0" readbackverify="false" size_in_KB="131072.0" sparse="false" start_byte_hex="0x209c20000" start_sector="2137120"/>
  <program SECTOR_SIZE_IN_BYTES="4096" file_sector_offset="0" filename="" label="vm-system_b" num_partition_sectors="32768" partofsingleimage="false" physical_partition_number="0" readbackverify="false" size_in_KB="131072.0" sparse="false" start_byte_hex="0x211c20000" start_sector="2169888"/>
  <program SECTOR_SIZE_IN_BYTES="4096" file_sector_offset="0" filename="" label="rawdump" num_partition_sectors="32768" partofsingleimage="false" physical_partition_number="0" readbackverify="false" size_in_KB="131072.0" sparse="false" start_byte_hex="0x219c20000" start_sector="2202656"/>
  <program SECTOR_SIZE_IN_BYTES="4096" file_sector_offset="0" filename="oem_cyberpunk.img" label="oem_cust1_a" num_partition_sectors="262144" partofsingleimage="false" physical_partition_number="0" readbackverify="false" size_in_KB="1048576.0" sparse="true" start_byte_hex="0x221c20000" start_sector="2235424"/>
  <program SECTOR_SIZE_IN_BYTES="4096" file_sector_offset="0" filename="" label="oem_cust1_b" num_partition_sectors="262144" partofsingleimage="false" physical_partition_number="0" readbackverify="false" size_in_KB="1048576.0" sparse="true" start_byte_hex="0x261c20000" start_sector="2497568"/>
  <program SECTOR_SIZE_IN_BYTES="4096" file_sector_offset="0" filename="oem_cmcc.img" label="oem_cust2_a" num_partition_sectors="76800" partofsingleimage="false" physical_partition_number="0" readbackverify="false" size_in_KB="307200.0" sparse="true" start_byte_hex="0x2a1c20000" start_sector="2759712"/>
  <program SECTOR_SIZE_IN_BYTES="4096" file_sector_offset="0" filename="" label="oem_cust2_b" num_partition_sectors="76800" partofsingleimage="false" physical_partition_number="0" readbackverify="false" size_in_KB="307200.0" sparse="true" start_byte_hex="0x2b4820000" start_sector="2836512"/>
  <program SECTOR_SIZE_IN_BYTES="4096" file_sector_offset="0" filename="userdata.img" label="userdata" num_partition_sectors="0" partofsingleimage="false" physical_partition_number="0" readbackverify="false" size_in_KB="0" sparse="true" start_byte_hex="0x2c7420000" start_sector="2913312"/>
  <program SECTOR_SIZE_IN_BYTES="4096" file_sector_offset="0" filename="gpt_main0.bin" label="PrimaryGPT" num_partition_sectors="6" partofsingleimage="true" physical_partition_number="0" readbackverify="false" size_in_KB="24.0" sparse="false" start_byte_hex="0x0" start_sector="0"/>
  <program SECTOR_SIZE_IN_BYTES="4096" file_sector_offset="0" filename="gpt_backup0.bin" label="BackupGPT" num_partition_sectors="5" partofsingleimage="true" physical_partition_number="0" readbackverify="false" size_in_KB="20.0" sparse="false" start_byte_hex="(4096*NUM_DISK_SECTORS)-20480." start_sector="NUM_DISK_SECTORS-5."/>
</data>
