<?xml version="1.0" ?>
<data>
  <!--NOTE: This is an ** Autogenerated file **-->
  <!--NOTE: Sector size is 4096bytes-->
  <program SECTOR_SIZE_IN_BYTES="4096" file_sector_offset="0" filename="aop.mbn" label="aop_a" num_partition_sectors="128" partofsingleimage="false" physical_partition_number="4" readbackverify="false" size_in_KB="512.0" sparse="false" start_byte_hex="0x6000" start_sector="6"/>
  <program SECTOR_SIZE_IN_BYTES="4096" file_sector_offset="0" filename="tz.mbn" label="tz_a" num_partition_sectors="1024" partofsingleimage="false" physical_partition_number="4" readbackverify="false" size_in_KB="4096.0" sparse="false" start_byte_hex="0x86000" start_sector="134"/>
  <program SECTOR_SIZE_IN_BYTES="4096" file_sector_offset="0" filename="hyp.mbn" label="hyp_a" num_partition_sectors="2048" partofsingleimage="false" physical_partition_number="4" readbackverify="false" size_in_KB="8192.0" sparse="false" start_byte_hex="0x486000" start_sector="1158"/>
  <program SECTOR_SIZE_IN_BYTES="4096" file_sector_offset="0" filename="NON-HLOS.bin" label="modem_a" num_partition_sectors="131072" partofsingleimage="false" physical_partition_number="4" readbackverify="false" size_in_KB="524288.0" sparse="false" start_byte_hex="0xc86000" start_sector="3206"/>
  <program SECTOR_SIZE_IN_BYTES="4096" file_sector_offset="0" filename="BTFM.bin" label="bluetooth_a" num_partition_sectors="256" partofsingleimage="false" physical_partition_number="4" readbackverify="false" size_in_KB="1024.0" sparse="false" start_byte_hex="0x20c86000" start_sector="134278"/>
  <program SECTOR_SIZE_IN_BYTES="4096" file_sector_offset="0" filename="" label="mdtpsecapp_a" num_partition_sectors="1024" partofsingleimage="false" physical_partition_number="4" readbackverify="false" size_in_KB="4096.0" sparse="false" start_byte_hex="0x20d86000" start_sector="134534"/>
  <program SECTOR_SIZE_IN_BYTES="4096" file_sector_offset="0" filename="" label="mdtp_a" num_partition_sectors="8192" partofsingleimage="false" physical_partition_number="4" readbackverify="false" size_in_KB="32768.0" sparse="false" start_byte_hex="0x21186000" start_sector="135558"/>
  <program SECTOR_SIZE_IN_BYTES="4096" file_sector_offset="0" filename="abl.elf" label="abl_a" num_partition_sectors="2048" partofsingleimage="false" physical_partition_number="4" readbackverify="false" size_in_KB="8192.0" sparse="false" start_byte_hex="0x23186000" start_sector="143750"/>
  <program SECTOR_SIZE_IN_BYTES="4096" file_sector_offset="0" filename="dspso.bin" label="dsp_a" num_partition_sectors="16384" partofsingleimage="false" physical_partition_number="4" readbackverify="false" size_in_KB="65536.0" sparse="false" start_byte_hex="0x23986000" start_sector="145798"/>
  <program SECTOR_SIZE_IN_BYTES="4096" file_sector_offset="0" filename="km4.mbn" label="keymaster_a" num_partition_sectors="128" partofsingleimage="false" physical_partition_number="4" readbackverify="false" size_in_KB="512.0" sparse="false" start_byte_hex="0x27986000" start_sector="162182"/>
  <program SECTOR_SIZE_IN_BYTES="4096" file_sector_offset="0" filename="boot.img" label="boot_a" num_partition_sectors="24576" partofsingleimage="false" physical_partition_number="4" readbackverify="false" size_in_KB="98304.0" sparse="false" start_byte_hex="0x27a06000" start_sector="162310"/>
  <program SECTOR_SIZE_IN_BYTES="4096" file_sector_offset="0" filename="cmnlib.mbn" label="cmnlib_a" num_partition_sectors="128" partofsingleimage="false" physical_partition_number="4" readbackverify="false" size_in_KB="512.0" sparse="false" start_byte_hex="0x2da06000" start_sector="186886"/>
  <program SECTOR_SIZE_IN_BYTES="4096" file_sector_offset="0" filename="cmnlib64.mbn" label="cmnlib64_a" num_partition_sectors="128" partofsingleimage="false" physical_partition_number="4" readbackverify="false" size_in_KB="512.0" sparse="false" start_byte_hex="0x2da86000" start_sector="187014"/>
  <program SECTOR_SIZE_IN_BYTES="4096" file_sector_offset="0" filename="devcfg.mbn" label="devcfg_a" num_partition_sectors="32" partofsingleimage="false" physical_partition_number="4" readbackverify="false" size_in_KB="128.0" sparse="false" start_byte_hex="0x2db06000" start_sector="187142"/>
  <program SECTOR_SIZE_IN_BYTES="4096" file_sector_offset="0" filename="qupv3fw.elf" label="qupfw_a" num_partition_sectors="20" partofsingleimage="false" physical_partition_number="4" readbackverify="false" size_in_KB="80.0" sparse="false" start_byte_hex="0x2db26000" start_sector="187174"/>
  <program SECTOR_SIZE_IN_BYTES="4096" file_sector_offset="0" filename="vbmeta.img" label="vbmeta_a" num_partition_sectors="16" partofsingleimage="false" physical_partition_number="4" readbackverify="false" size_in_KB="64.0" sparse="false" start_byte_hex="0x2db3a000" start_sector="187194"/>
  <program SECTOR_SIZE_IN_BYTES="4096" file_sector_offset="0" filename="dtbo.img" label="dtbo_a" num_partition_sectors="6144" partofsingleimage="false" physical_partition_number="4" readbackverify="false" size_in_KB="24576.0" sparse="false" start_byte_hex="0x2db4a000" start_sector="187210"/>
  <program SECTOR_SIZE_IN_BYTES="4096" file_sector_offset="0" filename="uefi_sec.mbn" label="uefisecapp_a" num_partition_sectors="512" partofsingleimage="false" physical_partition_number="4" readbackverify="false" size_in_KB="2048.0" sparse="false" start_byte_hex="0x2f34a000" start_sector="193354"/>
  <program SECTOR_SIZE_IN_BYTES="4096" file_sector_offset="0" filename="multi_image.mbn" label="multiimgoem_a" num_partition_sectors="8" partofsingleimage="false" physical_partition_number="4" readbackverify="false" size_in_KB="32.0" sparse="false" start_byte_hex="0x2f54a000" start_sector="193866"/>
  <program SECTOR_SIZE_IN_BYTES="4096" file_sector_offset="0" filename="" label="multiimgqti_a" num_partition_sectors="8" partofsingleimage="false" physical_partition_number="4" readbackverify="false" size_in_KB="32.0" sparse="false" start_byte_hex="0x2f552000" start_sector="193874"/>
  <program SECTOR_SIZE_IN_BYTES="4096" file_sector_offset="0" filename="" label="vm-linux_a" num_partition_sectors="8192" partofsingleimage="false" physical_partition_number="4" readbackverify="false" size_in_KB="32768.0" sparse="false" start_byte_hex="0x2f55a000" start_sector="193882"/>
  <program SECTOR_SIZE_IN_BYTES="4096" file_sector_offset="0" filename="featenabler.mbn" label="featenabler_a" num_partition_sectors="32" partofsingleimage="false" physical_partition_number="4" readbackverify="false" size_in_KB="128.0" sparse="false" start_byte_hex="0x3155a000" start_sector="202074"/>
  <program SECTOR_SIZE_IN_BYTES="4096" file_sector_offset="0" filename="imagefv.elf" label="imagefv_a" num_partition_sectors="512" partofsingleimage="false" physical_partition_number="4" readbackverify="false" size_in_KB="2048.0" sparse="false" start_byte_hex="0x3157a000" start_sector="202106"/>
  <program SECTOR_SIZE_IN_BYTES="4096" file_sector_offset="0" filename="splash.img" label="logo_a" num_partition_sectors="4096" partofsingleimage="false" physical_partition_number="4" readbackverify="false" size_in_KB="16384.0" sparse="false" start_byte_hex="0x3177a000" start_sector="202618"/>
  <program SECTOR_SIZE_IN_BYTES="4096" file_sector_offset="0" filename="" label="aop_b" num_partition_sectors="128" partofsingleimage="false" physical_partition_number="4" readbackverify="false" size_in_KB="512.0" sparse="false" start_byte_hex="0x3277a000" start_sector="206714"/>
  <program SECTOR_SIZE_IN_BYTES="4096" file_sector_offset="0" filename="" label="tz_b" num_partition_sectors="1024" partofsingleimage="false" physical_partition_number="4" readbackverify="false" size_in_KB="4096.0" sparse="false" start_byte_hex="0x327fa000" start_sector="206842"/>
  <program SECTOR_SIZE_IN_BYTES="4096" file_sector_offset="0" filename="" label="hyp_b" num_partition_sectors="2048" partofsingleimage="false" physical_partition_number="4" readbackverify="false" size_in_KB="8192.0" sparse="false" start_byte_hex="0x32bfa000" start_sector="207866"/>
  <program SECTOR_SIZE_IN_BYTES="4096" file_sector_offset="0" filename="" label="modem_b" num_partition_sectors="131072" partofsingleimage="false" physical_partition_number="4" readbackverify="false" size_in_KB="524288.0" sparse="false" start_byte_hex="0x333fa000" start_sector="209914"/>
  <program SECTOR_SIZE_IN_BYTES="4096" file_sector_offset="0" filename="" label="bluetooth_b" num_partition_sectors="256" partofsingleimage="false" physical_partition_number="4" readbackverify="false" size_in_KB="1024.0" sparse="false" start_byte_hex="0x533fa000" start_sector="340986"/>
  <program SECTOR_SIZE_IN_BYTES="4096" file_sector_offset="0" filename="" label="mdtpsecapp_b" num_partition_sectors="1024" partofsingleimage="false" physical_partition_number="4" readbackverify="false" size_in_KB="4096.0" sparse="false" start_byte_hex="0x534fa000" start_sector="341242"/>
  <program SECTOR_SIZE_IN_BYTES="4096" file_sector_offset="0" filename="" label="mdtp_b" num_partition_sectors="8192" partofsingleimage="false" physical_partition_number="4" readbackverify="false" size_in_KB="32768.0" sparse="false" start_byte_hex="0x538fa000" start_sector="342266"/>
  <program SECTOR_SIZE_IN_BYTES="4096" file_sector_offset="0" filename="" label="abl_b" num_partition_sectors="2048" partofsingleimage="false" physical_partition_number="4" readbackverify="false" size_in_KB="8192.0" sparse="false" start_byte_hex="0x558fa000" start_sector="350458"/>
  <program SECTOR_SIZE_IN_BYTES="4096" file_sector_offset="0" filename="" label="dsp_b" num_partition_sectors="16384" partofsingleimage="false" physical_partition_number="4" readbackverify="false" size_in_KB="65536.0" sparse="false" start_byte_hex="0x560fa000" start_sector="352506"/>
  <program SECTOR_SIZE_IN_BYTES="4096" file_sector_offset="0" filename="" label="keymaster_b" num_partition_sectors="128" partofsingleimage="false" physical_partition_number="4" readbackverify="false" size_in_KB="512.0" sparse="false" start_byte_hex="0x5a0fa000" start_sector="368890"/>
  <program SECTOR_SIZE_IN_BYTES="4096" file_sector_offset="0" filename="" label="boot_b" num_partition_sectors="24576" partofsingleimage="false" physical_partition_number="4" readbackverify="false" size_in_KB="98304.0" sparse="false" start_byte_hex="0x5a17a000" start_sector="369018"/>
  <program SECTOR_SIZE_IN_BYTES="4096" file_sector_offset="0" filename="" label="cmnlib_b" num_partition_sectors="128" partofsingleimage="false" physical_partition_number="4" readbackverify="false" size_in_KB="512.0" sparse="false" start_byte_hex="0x6017a000" start_sector="393594"/>
  <program SECTOR_SIZE_IN_BYTES="4096" file_sector_offset="0" filename="" label="cmnlib64_b" num_partition_sectors="128" partofsingleimage="false" physical_partition_number="4" readbackverify="false" size_in_KB="512.0" sparse="false" start_byte_hex="0x601fa000" start_sector="393722"/>
  <program SECTOR_SIZE_IN_BYTES="4096" file_sector_offset="0" filename="" label="devcfg_b" num_partition_sectors="32" partofsingleimage="false" physical_partition_number="4" readbackverify="false" size_in_KB="128.0" sparse="false" start_byte_hex="0x6027a000" start_sector="393850"/>
  <program SECTOR_SIZE_IN_BYTES="4096" file_sector_offset="0" filename="" label="qupfw_b" num_partition_sectors="20" partofsingleimage="false" physical_partition_number="4" readbackverify="false" size_in_KB="80.0" sparse="false" start_byte_hex="0x6029a000" start_sector="393882"/>
  <program SECTOR_SIZE_IN_BYTES="4096" file_sector_offset="0" filename="" label="vbmeta_b" num_partition_sectors="16" partofsingleimage="false" physical_partition_number="4" readbackverify="false" size_in_KB="64.0" sparse="false" start_byte_hex="0x602ae000" start_sector="393902"/>
  <program SECTOR_SIZE_IN_BYTES="4096" file_sector_offset="0" filename="" label="dtbo_b" num_partition_sectors="6144" partofsingleimage="false" physical_partition_number="4" readbackverify="false" size_in_KB="24576.0" sparse="false" start_byte_hex="0x602be000" start_sector="393918"/>
  <program SECTOR_SIZE_IN_BYTES="4096" file_sector_offset="0" filename="uefi_sec.mbn" label="uefisecapp_b" num_partition_sectors="512" partofsingleimage="false" physical_partition_number="4" readbackverify="false" size_in_KB="2048.0" sparse="false" start_byte_hex="0x61abe000" start_sector="400062"/>
  <program SECTOR_SIZE_IN_BYTES="4096" file_sector_offset="0" filename="" label="multiimgoem_b" num_partition_sectors="8" partofsingleimage="false" physical_partition_number="4" readbackverify="false" size_in_KB="32.0" sparse="false" start_byte_hex="0x61cbe000" start_sector="400574"/>
  <program SECTOR_SIZE_IN_BYTES="4096" file_sector_offset="0" filename="" label="multiimgqti_b" num_partition_sectors="8" partofsingleimage="false" physical_partition_number="4" readbackverify="false" size_in_KB="32.0" sparse="false" start_byte_hex="0x61cc6000" start_sector="400582"/>
  <program SECTOR_SIZE_IN_BYTES="4096" file_sector_offset="0" filename="" label="vm-linux_b" num_partition_sectors="8192" partofsingleimage="false" physical_partition_number="4" readbackverify="false" size_in_KB="32768.0" sparse="false" start_byte_hex="0x61cce000" start_sector="400590"/>
  <program SECTOR_SIZE_IN_BYTES="4096" file_sector_offset="0" filename="" label="featenabler_b" num_partition_sectors="32" partofsingleimage="false" physical_partition_number="4" readbackverify="false" size_in_KB="128.0" sparse="false" start_byte_hex="0x63cce000" start_sector="408782"/>
  <program SECTOR_SIZE_IN_BYTES="4096" file_sector_offset="0" filename="imagefv.elf" label="imagefv_b" num_partition_sectors="512" partofsingleimage="false" physical_partition_number="4" readbackverify="false" size_in_KB="2048.0" sparse="false" start_byte_hex="0x63cee000" start_sector="408814"/>
  <program SECTOR_SIZE_IN_BYTES="4096" file_sector_offset="0" filename="splash.img" label="logo_b" num_partition_sectors="4096" partofsingleimage="false" physical_partition_number="4" readbackverify="false" size_in_KB="16384.0" sparse="false" start_byte_hex="0x63eee000" start_sector="409326"/>
  <program SECTOR_SIZE_IN_BYTES="4096" file_sector_offset="0" filename="" label="devinfo" num_partition_sectors="1" partofsingleimage="false" physical_partition_number="4" readbackverify="false" size_in_KB="4.0" sparse="false" start_byte_hex="0x64eee000" start_sector="413422"/>
  <program SECTOR_SIZE_IN_BYTES="4096" file_sector_offset="0" filename="" label="dip" num_partition_sectors="256" partofsingleimage="false" physical_partition_number="4" readbackverify="false" size_in_KB="1024.0" sparse="false" start_byte_hex="0x64eef000" start_sector="413423"/>
  <program SECTOR_SIZE_IN_BYTES="4096" file_sector_offset="0" filename="apdp.mbn" label="apdp" num_partition_sectors="64" partofsingleimage="false" physical_partition_number="4" readbackverify="false" size_in_KB="256.0" sparse="false" start_byte_hex="0x64fef000" start_sector="413679"/>
  <program SECTOR_SIZE_IN_BYTES="4096" file_sector_offset="0" filename="" label="msadp" num_partition_sectors="64" partofsingleimage="false" physical_partition_number="4" readbackverify="false" size_in_KB="256.0" sparse="false" start_byte_hex="0x6502f000" start_sector="413743"/>
  <program SECTOR_SIZE_IN_BYTES="4096" file_sector_offset="0" filename="spunvm.bin" label="spunvm" num_partition_sectors="8192" partofsingleimage="false" physical_partition_number="4" readbackverify="false" size_in_KB="32768.0" sparse="false" start_byte_hex="0x6506f000" start_sector="413807"/>
  <program SECTOR_SIZE_IN_BYTES="4096" file_sector_offset="0" filename="" label="limits" num_partition_sectors="1" partofsingleimage="false" physical_partition_number="4" readbackverify="false" size_in_KB="4.0" sparse="false" start_byte_hex="0x6706f000" start_sector="421999"/>
  <program SECTOR_SIZE_IN_BYTES="4096" file_sector_offset="0" filename="" label="limits-cdsp" num_partition_sectors="1" partofsingleimage="false" physical_partition_number="4" readbackverify="false" size_in_KB="4.0" sparse="false" start_byte_hex="0x67070000" start_sector="422000"/>
  <program SECTOR_SIZE_IN_BYTES="4096" file_sector_offset="0" filename="logfs_ufs_8mb.bin" label="logfs" num_partition_sectors="2048" partofsingleimage="false" physical_partition_number="4" readbackverify="false" size_in_KB="8192.0" sparse="false" start_byte_hex="0x67071000" start_sector="422001"/>
  <program SECTOR_SIZE_IN_BYTES="4096" file_sector_offset="0" filename="" label="logdump" num_partition_sectors="16384" partofsingleimage="false" physical_partition_number="4" readbackverify="false" size_in_KB="65536.0" sparse="false" start_byte_hex="0x67871000" start_sector="424049"/>
  <program SECTOR_SIZE_IN_BYTES="4096" file_sector_offset="0" filename="storsec.mbn" label="storsec_a" num_partition_sectors="32" partofsingleimage="false" physical_partition_number="4" readbackverify="false" size_in_KB="128.0" sparse="false" start_byte_hex="0x6b871000" start_sector="440433"/>
  <program SECTOR_SIZE_IN_BYTES="4096" file_sector_offset="0" filename="" label="uefivarstore" num_partition_sectors="128" partofsingleimage="false" physical_partition_number="4" readbackverify="false" size_in_KB="512.0" sparse="false" start_byte_hex="0x6b891000" start_sector="440465"/>
  <program SECTOR_SIZE_IN_BYTES="4096" file_sector_offset="0" filename="" label="secdata" num_partition_sectors="7" partofsingleimage="false" physical_partition_number="4" readbackverify="false" size_in_KB="28.0" sparse="false" start_byte_hex="0x6b911000" start_sector="440593"/>
  <program SECTOR_SIZE_IN_BYTES="4096" file_sector_offset="0" filename="" label="vm-keystore" num_partition_sectors="32" partofsingleimage="false" physical_partition_number="4" readbackverify="false" size_in_KB="128.0" sparse="false" start_byte_hex="0x6b918000" start_sector="440600"/>
  <program SECTOR_SIZE_IN_BYTES="4096" file_sector_offset="0" filename="" label="vm-data" num_partition_sectors="1024" partofsingleimage="false" physical_partition_number="4" readbackverify="false" size_in_KB="4096.0" sparse="false" start_byte_hex="0x6b938000" start_sector="440632"/>
  <program SECTOR_SIZE_IN_BYTES="4096" file_sector_offset="0" filename="" label="mdm1oemnvbktmp" num_partition_sectors="512" partofsingleimage="false" physical_partition_number="4" readbackverify="false" size_in_KB="2048.0" sparse="false" start_byte_hex="0x6bd38000" start_sector="441656"/>
  <program SECTOR_SIZE_IN_BYTES="4096" file_sector_offset="0" filename="" label="aging_kernel" num_partition_sectors="16384" partofsingleimage="false" physical_partition_number="4" readbackverify="false" size_in_KB="65536.0" sparse="false" start_byte_hex="0x6bf38000" start_sector="442168"/>
  <program SECTOR_SIZE_IN_BYTES="4096" file_sector_offset="0" filename="" label="aging_mod" num_partition_sectors="8192" partofsingleimage="false" physical_partition_number="4" readbackverify="false" size_in_KB="32768.0" sparse="false" start_byte_hex="0x6ff38000" start_sector="458552"/>
  <program SECTOR_SIZE_IN_BYTES="4096" file_sector_offset="0" filename="" label="op1" num_partition_sectors="76800" partofsingleimage="false" physical_partition_number="4" readbackverify="false" size_in_KB="307200.0" sparse="true" start_byte_hex="0x71f38000" start_sector="466744"/>
  <program SECTOR_SIZE_IN_BYTES="4096" file_sector_offset="0" filename="" label="abl_log" num_partition_sectors="4048" partofsingleimage="false" physical_partition_number="4" readbackverify="false" size_in_KB="16192.0" sparse="false" start_byte_hex="0x84b38000" start_sector="543544"/>
  <program SECTOR_SIZE_IN_BYTES="4096" file_sector_offset="0" filename="" label="kernel_log" num_partition_sectors="8096" partofsingleimage="false" physical_partition_number="4" readbackverify="false" size_in_KB="32384.0" sparse="false" start_byte_hex="0x85b08000" start_sector="547592"/>
  <program SECTOR_SIZE_IN_BYTES="4096" file_sector_offset="0" filename="" label="android_log" num_partition_sectors="4048" partofsingleimage="false" physical_partition_number="4" readbackverify="false" size_in_KB="16192.0" sparse="false" start_byte_hex="0x87aa8000" start_sector="555688"/>
  <program SECTOR_SIZE_IN_BYTES="4096" file_sector_offset="0" filename="" label="qsee_log" num_partition_sectors="4048" partofsingleimage="false" physical_partition_number="4" readbackverify="false" size_in_KB="16192.0" sparse="false" start_byte_hex="0x88a78000" start_sector="559736"/>
  <program SECTOR_SIZE_IN_BYTES="4096" file_sector_offset="0" filename="" label="hyp_log" num_partition_sectors="4048" partofsingleimage="false" physical_partition_number="4" readbackverify="false" size_in_KB="16192.0" sparse="false" start_byte_hex="0x89a48000" start_sector="563784"/>
  <program SECTOR_SIZE_IN_BYTES="4096" file_sector_offset="0" filename="" label="reserve1" num_partition_sectors="2024" partofsingleimage="false" physical_partition_number="4" readbackverify="false" size_in_KB="8096.0" sparse="false" start_byte_hex="0x8aa18000" start_sector="567832"/>
  <program SECTOR_SIZE_IN_BYTES="4096" file_sector_offset="0" filename="opporeserve2.img" label="reserve2" num_partition_sectors="4048" partofsingleimage="false" physical_partition_number="4" readbackverify="false" size_in_KB="16192.0" sparse="true" start_byte_hex="0x8b200000" start_sector="569856"/>
  <program SECTOR_SIZE_IN_BYTES="4096" file_sector_offset="0" filename="" label="reserve3" num_partition_sectors="4048" partofsingleimage="false" physical_partition_number="4" readbackverify="false" size_in_KB="16192.0" sparse="false" start_byte_hex="0x8c1d0000" start_sector="573904"/>
  <program SECTOR_SIZE_IN_BYTES="4096" file_sector_offset="0" filename="emmc_fw.bin" label="reserve4" num_partition_sectors="4048" partofsingleimage="false" physical_partition_number="4" readbackverify="false" size_in_KB="16192.0" sparse="false" start_byte_hex="0x8d1a0000" start_sector="577952"/>
  <program SECTOR_SIZE_IN_BYTES="4096" file_sector_offset="0" filename="" label="storsec_b" num_partition_sectors="32" partofsingleimage="false" physical_partition_number="4" readbackverify="false" size_in_KB="128.0" sparse="false" start_byte_hex="0x8e170000" start_sector="582000"/>
  <program SECTOR_SIZE_IN_BYTES="4096" file_sector_offset="0" filename="" label="last_parti" num_partition_sectors="0" partofsingleimage="false" physical_partition_number="4" readbackverify="false" size_in_KB="0" sparse="false" start_byte_hex="0x8e190000" start_sector="582032"/>
  <program SECTOR_SIZE_IN_BYTES="4096" file_sector_offset="0" filename="gpt_main4.bin" label="PrimaryGPT" num_partition_sectors="6" partofsingleimage="true" physical_partition_number="4" readbackverify="false" size_in_KB="24.0" sparse="false" start_byte_hex="0x0" start_sector="0"/>
  <program SECTOR_SIZE_IN_BYTES="4096" file_sector_offset="0" filename="gpt_backup4.bin" label="BackupGPT" num_partition_sectors="5" partofsingleimage="true" physical_partition_number="4" readbackverify="false" size_in_KB="20.0" sparse="false" start_byte_hex="(4096*NUM_DISK_SECTORS)-20480." start_sector="NUM_DISK_SECTORS-5."/>
</data>
