<?xml version="1.0" ?>
<data>
  <!--NOTE: This is an ** Autogenerated file **-->
  <!--NOTE: Sector size is 4096bytes-->
  <program SECTOR_SIZE_IN_BYTES="4096" file_sector_offset="0" filename="" label="ALIGN_TO_128K_2" num_partition_sectors="26" partofsingleimage="false" physical_partition_number="5" readbackverify="false" size_in_KB="104.0" sparse="false" start_byte_hex="0x6000" start_sector="6"/>
  <program SECTOR_SIZE_IN_BYTES="4096" file_sector_offset="0" filename="" label="modemst1" num_partition_sectors="512" partofsingleimage="false" physical_partition_number="5" readbackverify="false" size_in_KB="2048.0" sparse="false" start_byte_hex="0x20000" start_sector="32"/>
  <program SECTOR_SIZE_IN_BYTES="4096" file_sector_offset="0" filename="" label="modemst2" num_partition_sectors="512" partofsingleimage="false" physical_partition_number="5" readbackverify="false" size_in_KB="2048.0" sparse="false" start_byte_hex="0x220000" start_sector="544"/>
  <program SECTOR_SIZE_IN_BYTES="4096" file_sector_offset="0" filename="" label="fsg" num_partition_sectors="512" partofsingleimage="false" physical_partition_number="5" readbackverify="false" size_in_KB="2048.0" sparse="false" start_byte_hex="0x420000" start_sector="1056"/>
  <program SECTOR_SIZE_IN_BYTES="4096" file_sector_offset="0" filename="" label="fsc" num_partition_sectors="32" partofsingleimage="false" physical_partition_number="5" readbackverify="false" size_in_KB="128.0" sparse="false" start_byte_hex="0x620000" start_sector="1568"/>
  <program SECTOR_SIZE_IN_BYTES="4096" file_sector_offset="0" filename="" label="mdm1m9kefs3" num_partition_sectors="512" partofsingleimage="false" physical_partition_number="5" readbackverify="false" size_in_KB="2048.0" sparse="false" start_byte_hex="0x640000" start_sector="1600"/>
  <program SECTOR_SIZE_IN_BYTES="4096" file_sector_offset="0" filename="" label="mdm1m9kefs1" num_partition_sectors="512" partofsingleimage="false" physical_partition_number="5" readbackverify="false" size_in_KB="2048.0" sparse="false" start_byte_hex="0x840000" start_sector="2112"/>
  <program SECTOR_SIZE_IN_BYTES="4096" file_sector_offset="0" filename="" label="mdm1m9kefs2" num_partition_sectors="512" partofsingleimage="false" physical_partition_number="5" readbackverify="false" size_in_KB="2048.0" sparse="false" start_byte_hex="0xa40000" start_sector="2624"/>
  <program SECTOR_SIZE_IN_BYTES="4096" file_sector_offset="0" filename="" label="mdm1m9kefsc" num_partition_sectors="1" partofsingleimage="false" physical_partition_number="5" readbackverify="false" size_in_KB="4.0" sparse="false" start_byte_hex="0xc40000" start_sector="3136"/>
  <program SECTOR_SIZE_IN_BYTES="4096" file_sector_offset="0" filename="" label="last_parti" num_partition_sectors="0" partofsingleimage="false" physical_partition_number="5" readbackverify="false" size_in_KB="0" sparse="false" start_byte_hex="0xc41000" start_sector="3137"/>
  <program SECTOR_SIZE_IN_BYTES="4096" file_sector_offset="0" filename="gpt_main5.bin" label="PrimaryGPT" num_partition_sectors="6" partofsingleimage="true" physical_partition_number="5" readbackverify="false" size_in_KB="24.0" sparse="false" start_byte_hex="0x0" start_sector="0"/>
  <program SECTOR_SIZE_IN_BYTES="4096" file_sector_offset="0" filename="gpt_backup5.bin" label="BackupGPT" num_partition_sectors="5" partofsingleimage="true" physical_partition_number="5" readbackverify="false" size_in_KB="20.0" sparse="false" start_byte_hex="(4096*NUM_DISK_SECTORS)-20480." start_sector="NUM_DISK_SECTORS-5."/>
</data>
