﻿<?xml version="1.0" encoding="utf-8"?>
<Setting>
  <BasicInfo Project="20828" Version="Unknown Version" MemoryName="ufs" TargetName="SM8250"
         GrowLastPartToFillDisk="true" LogEnable="false"
         LogPositionIndex="-1" DelayStartTime="0" UseGPT="true"
         CheckImage="false" NeedUsbDownload="true" VerifyCdt="false" DownloadConfigSigned="true"
         BackupPart="false" BackupPartId="" ChipType="1" IsOcdtVer="0" IsEncryptOCdtVer="1" SupportDDRType="ddr4,ddr5"
	 ClearRootConfig="true" MultiImage="" supportFwConfig="true" ProversionUseFfuFirehose="true"
	 ModelVerifyVersion="1"
	 ImgSHA256Check="true" IsOnePlusProject="true"
  />
  <!-- ChipType: 0=A-Family Chip, 1=B-Family Chip -->
  
  <SAHARA>
    <File Id="13" Path="prog_firehose_ddr4.elf" />
    <File Id="14" Path="prog_firehose_ddr5.elf" />
    <File Id="15" Path="prog_firehose_lite.elf" />
    <File Id="16" Path="prog_firehose_ddr4_fwupdate.elf" />
    <File Id="17" Path="prog_firehose_ddr5_fwupdate.elf" />
  </SAHARA>
  <UFS_PROVISION>
    <File Name="hynix"   Path="provision_hynix.xml" />
    <File Name="samsung" Path="provision_samsung.xml" />
    <File Name="toshiba" Path="provision_toshiba.xml" />
  </UFS_PROVISION>
  <Program0>
    <File Name="rawprogram0.xml" Path="rawprogram0.xml" SizeInSector="0" FileOffset="0" />
  </Program0>
  <Patch0>
    <File Name="patch0.xml" Path="patch0.xml" SizeInSector="0" FileOffset="0" />
  </Patch0>
  <Program1>
    <File Name="rawprogram1.xml" Path="rawprogram1.xml" SizeInSector="0" FileOffset="0" />
  </Program1>
  <Patch1>
    <File Name="patch1.xml" Path="patch1.xml" SizeInSector="0" FileOffset="0" />
  </Patch1>
  <Program2>
    <File Name="rawprogram2.xml" Path="rawprogram2.xml" SizeInSector="0" FileOffset="0" />
  </Program2>
  <Patch2>
    <File Name="patch2.xml" Path="patch2.xml" SizeInSector="0" FileOffset="0" />
  </Patch2>
   <Program3>
    <File Name="rawprogram3.xml" Path="rawprogram3.xml" SizeInSector="0" FileOffset="0" />
  </Program3>
  <Patch3>
    <File Name="patch3.xml" Path="patch3.xml" SizeInSector="0" FileOffset="0" />
  </Patch3>
  <Program4>
    <File Name="rawprogram4.xml" Path="rawprogram4.xml" SizeInSector="0" FileOffset="0" />
  </Program4>
  <Patch4>
    <File Name="patch4.xml" Path="patch4.xml" SizeInSector="0" FileOffset="0" />
  </Patch4>
  <Program5>
    <File Name="rawprogram5.xml" Path="rawprogram5.xml" SizeInSector="0" FileOffset="0" />
  </Program5>
  <Patch5>
    <File Name="patch5.xml" Path="patch5.xml" SizeInSector="0" FileOffset="0" />
  </Patch5>
</Setting>
