<?xml version="1.0" ?>
<data>
  <!--NOTE: This is an ** Autogenerated file **-->
  <!--NOTE: Sector size is 4096bytes-->
  <program SECTOR_SIZE_IN_BYTES="4096" file_sector_offset="0" filename="" label="ssd" num_partition_sectors="2" partofsingleimage="false" physical_partition_number="0" readbackverify="false" size_in_KB="8.0" sparse="false" start_byte_hex="0x6000" start_sector="6"/>
  <program SECTOR_SIZE_IN_BYTES="4096" file_sector_offset="0" filename="persist.img" label="persist" num_partition_sectors="8192" partofsingleimage="false" physical_partition_number="0" readbackverify="false" size_in_KB="32768.0" sparse="false" start_byte_hex="0x8000" start_sector="8"/>
  <program SECTOR_SIZE_IN_BYTES="4096" file_sector_offset="0" filename="" label="misc" num_partition_sectors="256" partofsingleimage="false" physical_partition_number="0" readbackverify="false" size_in_KB="1024.0" sparse="false" start_byte_hex="0x2008000" start_sector="8200"/>
  <program SECTOR_SIZE_IN_BYTES="4096" file_sector_offset="0" filename="" label="keystore" num_partition_sectors="128" partofsingleimage="false" physical_partition_number="0" readbackverify="false" size_in_KB="512.0" sparse="false" start_byte_hex="0x2108000" start_sector="8456"/>
  <program SECTOR_SIZE_IN_BYTES="4096" file_sector_offset="0" filename="" label="frp" num_partition_sectors="128" partofsingleimage="false" physical_partition_number="0" readbackverify="false" size_in_KB="512.0" sparse="false" start_byte_hex="0x2188000" start_sector="8584"/>
  <program SECTOR_SIZE_IN_BYTES="4096" file_sector_offset="0" filename="" label="cache" num_partition_sectors="114688" partofsingleimage="false" physical_partition_number="0" readbackverify="false" size_in_KB="458752.0" sparse="true" start_byte_hex="0x2208000" start_sector="8712"/>
  <program SECTOR_SIZE_IN_BYTES="4096" file_sector_offset="0" filename="metadata.img" label="metadata" num_partition_sectors="4096" partofsingleimage="false" physical_partition_number="0" readbackverify="false" size_in_KB="16384.0" sparse="true" start_byte_hex="0x1e208000" start_sector="123400"/>
  <program SECTOR_SIZE_IN_BYTES="4096" file_sector_offset="0" filename="" label="vm-system" num_partition_sectors="32768" partofsingleimage="false" physical_partition_number="0" readbackverify="false" size_in_KB="131072.0" sparse="false" start_byte_hex="0x1f208000" start_sector="127496"/>
  <program SECTOR_SIZE_IN_BYTES="4096" file_sector_offset="0" filename="" label="rawdump" num_partition_sectors="32768" partofsingleimage="false" physical_partition_number="0" readbackverify="false" size_in_KB="131072.0" sparse="false" start_byte_hex="0x27208000" start_sector="160264"/>
  <program SECTOR_SIZE_IN_BYTES="4096" file_sector_offset="0" filename="super.img" label="super" num_partition_sectors="2424832" partofsingleimage="false" physical_partition_number="0" readbackverify="false" size_in_KB="9699328.0" sparse="true" start_byte_hex="0x2f208000" start_sector="193032"/>
  <program SECTOR_SIZE_IN_BYTES="4096" file_sector_offset="0" filename="userdata.img" label="userdata" num_partition_sectors="0" partofsingleimage="false" physical_partition_number="0" readbackverify="false" size_in_KB="0" sparse="true" start_byte_hex="0x27f208000" start_sector="2617864"/>
  <program SECTOR_SIZE_IN_BYTES="4096" file_sector_offset="0" filename="gpt_main0.bin" label="PrimaryGPT" num_partition_sectors="6" partofsingleimage="true" physical_partition_number="0" readbackverify="false" size_in_KB="24.0" sparse="false" start_byte_hex="0x0" start_sector="0"/>
  <program SECTOR_SIZE_IN_BYTES="4096" file_sector_offset="0" filename="gpt_backup0.bin" label="BackupGPT" num_partition_sectors="5" partofsingleimage="true" physical_partition_number="0" readbackverify="false" size_in_KB="20.0" sparse="false" start_byte_hex="(4096*NUM_DISK_SECTORS)-20480." start_sector="NUM_DISK_SECTORS-5."/>
</data>
