<?xml version="1.0" ?>
<data>
  <!--NOTE: This is an ** Autogenerated file **-->
  <!--NOTE: Sector size is 4096bytes-->
  <program SECTOR_SIZE_IN_BYTES="4096" file_sector_offset="0" filename="aop.mbn" label="aop" num_partition_sectors="128" partofsingleimage="false" physical_partition_number="4" readbackverify="false" size_in_KB="512.0" sparse="false" start_byte_hex="0x6000" start_sector="6"/>
  <program SECTOR_SIZE_IN_BYTES="4096" file_sector_offset="0" filename="tz.mbn" label="tz" num_partition_sectors="1024" partofsingleimage="false" physical_partition_number="4" readbackverify="false" size_in_KB="4096.0" sparse="false" start_byte_hex="0x86000" start_sector="134"/>
  <program SECTOR_SIZE_IN_BYTES="4096" file_sector_offset="0" filename="hyp.mbn" label="hyp" num_partition_sectors="2048" partofsingleimage="false" physical_partition_number="4" readbackverify="false" size_in_KB="8192.0" sparse="false" start_byte_hex="0x486000" start_sector="1158"/>
  <program SECTOR_SIZE_IN_BYTES="4096" file_sector_offset="0" filename="NON-HLOS.bin" label="modem" num_partition_sectors="49920" partofsingleimage="false" physical_partition_number="4" readbackverify="false" size_in_KB="199680.0" sparse="false" start_byte_hex="0xc86000" start_sector="3206"/>
  <program SECTOR_SIZE_IN_BYTES="4096" file_sector_offset="0" filename="BTFM.bin" label="bluetooth" num_partition_sectors="256" partofsingleimage="false" physical_partition_number="4" readbackverify="false" size_in_KB="1024.0" sparse="false" start_byte_hex="0xcf86000" start_sector="53126"/>
  <program SECTOR_SIZE_IN_BYTES="4096" file_sector_offset="0" filename="" label="mdtpsecapp" num_partition_sectors="1024" partofsingleimage="false" physical_partition_number="4" readbackverify="false" size_in_KB="4096.0" sparse="false" start_byte_hex="0xd086000" start_sector="53382"/>
  <program SECTOR_SIZE_IN_BYTES="4096" file_sector_offset="0" filename="" label="mdtp" num_partition_sectors="8192" partofsingleimage="false" physical_partition_number="4" readbackverify="false" size_in_KB="32768.0" sparse="false" start_byte_hex="0xd486000" start_sector="54406"/>
  <program SECTOR_SIZE_IN_BYTES="4096" file_sector_offset="0" filename="abl.elf" label="abl" num_partition_sectors="256" partofsingleimage="false" physical_partition_number="4" readbackverify="false" size_in_KB="1024.0" sparse="false" start_byte_hex="0xf486000" start_sector="62598"/>
  <program SECTOR_SIZE_IN_BYTES="4096" file_sector_offset="0" filename="dspso.bin" label="dsp" num_partition_sectors="16384" partofsingleimage="false" physical_partition_number="4" readbackverify="false" size_in_KB="65536.0" sparse="false" start_byte_hex="0xf586000" start_sector="62854"/>
  <program SECTOR_SIZE_IN_BYTES="4096" file_sector_offset="0" filename="km4.mbn" label="keymaster" num_partition_sectors="128" partofsingleimage="false" physical_partition_number="4" readbackverify="false" size_in_KB="512.0" sparse="false" start_byte_hex="0x13586000" start_sector="79238"/>
  <program SECTOR_SIZE_IN_BYTES="4096" file_sector_offset="0" filename="boot.img" label="boot" num_partition_sectors="24576" partofsingleimage="false" physical_partition_number="4" readbackverify="false" size_in_KB="98304.0" sparse="false" start_byte_hex="0x13606000" start_sector="79366"/>
  <program SECTOR_SIZE_IN_BYTES="4096" file_sector_offset="0" filename="cmnlib.mbn" label="cmnlib" num_partition_sectors="128" partofsingleimage="false" physical_partition_number="4" readbackverify="false" size_in_KB="512.0" sparse="false" start_byte_hex="0x19606000" start_sector="103942"/>
  <program SECTOR_SIZE_IN_BYTES="4096" file_sector_offset="0" filename="cmnlib64.mbn" label="cmnlib64" num_partition_sectors="128" partofsingleimage="false" physical_partition_number="4" readbackverify="false" size_in_KB="512.0" sparse="false" start_byte_hex="0x19686000" start_sector="104070"/>
  <program SECTOR_SIZE_IN_BYTES="4096" file_sector_offset="0" filename="devcfg.mbn" label="devcfg" num_partition_sectors="32" partofsingleimage="false" physical_partition_number="4" readbackverify="false" size_in_KB="128.0" sparse="false" start_byte_hex="0x19706000" start_sector="104198"/>
  <program SECTOR_SIZE_IN_BYTES="4096" file_sector_offset="0" filename="qupv3fw.elf" label="qupfw" num_partition_sectors="20" partofsingleimage="false" physical_partition_number="4" readbackverify="false" size_in_KB="80.0" sparse="false" start_byte_hex="0x19726000" start_sector="104230"/>
  <program SECTOR_SIZE_IN_BYTES="4096" file_sector_offset="0" filename="vbmeta_system.img" label="vbmeta_system" num_partition_sectors="16" partofsingleimage="false" physical_partition_number="4" readbackverify="false" size_in_KB="64.0" sparse="false" start_byte_hex="0x1973a000" start_sector="104250"/>
  <program SECTOR_SIZE_IN_BYTES="4096" file_sector_offset="0" filename="vbmeta_vendor.img" label="vbmeta_vendor" num_partition_sectors="16" partofsingleimage="false" physical_partition_number="4" readbackverify="false" size_in_KB="64.0" sparse="false" start_byte_hex="0x1974a000" start_sector="104266"/>
  <program SECTOR_SIZE_IN_BYTES="4096" file_sector_offset="0" filename="vbmeta.img" label="vbmeta" num_partition_sectors="16" partofsingleimage="false" physical_partition_number="4" readbackverify="false" size_in_KB="64.0" sparse="false" start_byte_hex="0x1975a000" start_sector="104282"/>
  <program SECTOR_SIZE_IN_BYTES="4096" file_sector_offset="0" filename="dtbo.img" label="dtbo" num_partition_sectors="6144" partofsingleimage="false" physical_partition_number="4" readbackverify="false" size_in_KB="24576.0" sparse="false" start_byte_hex="0x1976a000" start_sector="104298"/>
  <program SECTOR_SIZE_IN_BYTES="4096" file_sector_offset="0" filename="uefi_sec.mbn" label="uefisecapp" num_partition_sectors="512" partofsingleimage="false" physical_partition_number="4" readbackverify="false" size_in_KB="2048.0" sparse="false" start_byte_hex="0x1af6a000" start_sector="110442"/>
  <program SECTOR_SIZE_IN_BYTES="4096" file_sector_offset="0" filename="multi_image.mbn" label="multiimgoem" num_partition_sectors="8" partofsingleimage="false" physical_partition_number="4" readbackverify="false" size_in_KB="32.0" sparse="false" start_byte_hex="0x1b16a000" start_sector="110954"/>
  <program SECTOR_SIZE_IN_BYTES="4096" file_sector_offset="0" filename="" label="multiimgqti" num_partition_sectors="8" partofsingleimage="false" physical_partition_number="4" readbackverify="false" size_in_KB="32.0" sparse="false" start_byte_hex="0x1b172000" start_sector="110962"/>
  <program SECTOR_SIZE_IN_BYTES="4096" file_sector_offset="0" filename="" label="vm-linux" num_partition_sectors="8192" partofsingleimage="false" physical_partition_number="4" readbackverify="false" size_in_KB="32768.0" sparse="false" start_byte_hex="0x1b17a000" start_sector="110970"/>
  <program SECTOR_SIZE_IN_BYTES="4096" file_sector_offset="0" filename="featenabler.mbn" label="featenabler" num_partition_sectors="32" partofsingleimage="false" physical_partition_number="4" readbackverify="false" size_in_KB="128.0" sparse="false" start_byte_hex="0x1d17a000" start_sector="119162"/>
  <program SECTOR_SIZE_IN_BYTES="4096" file_sector_offset="0" filename="imagefv.elf" label="imagefv" num_partition_sectors="1024" partofsingleimage="false" physical_partition_number="4" readbackverify="false" size_in_KB="4096.0" sparse="false" start_byte_hex="0x1d19a000" start_sector="119194"/>
  <program SECTOR_SIZE_IN_BYTES="4096" file_sector_offset="0" filename="recovery.img" label="recovery" num_partition_sectors="32768" partofsingleimage="false" physical_partition_number="4" readbackverify="false" size_in_KB="131072.0" sparse="false" start_byte_hex="0x1d59a000" start_sector="120218"/>
  <program SECTOR_SIZE_IN_BYTES="4096" file_sector_offset="0" filename="" label="odm" num_partition_sectors="16384" partofsingleimage="false" physical_partition_number="4" readbackverify="false" size_in_KB="65536.0" sparse="true" start_byte_hex="0x2559a000" start_sector="152986"/>
  <program SECTOR_SIZE_IN_BYTES="4096" file_sector_offset="0" filename="oppo_sec.mbn" label="oppo_sec" num_partition_sectors="2560" partofsingleimage="false" physical_partition_number="4" readbackverify="false" size_in_KB="10240.0" sparse="false" start_byte_hex="0x2959a000" start_sector="169370"/>
  <program SECTOR_SIZE_IN_BYTES="4096" file_sector_offset="0" filename="" label="preload" num_partition_sectors="196608" partofsingleimage="false" physical_partition_number="4" readbackverify="false" size_in_KB="786432.0" sparse="false" start_byte_hex="0x29f9a000" start_sector="171930"/>
  <program SECTOR_SIZE_IN_BYTES="4096" file_sector_offset="0" filename="" label="custom" num_partition_sectors="65536" partofsingleimage="false" physical_partition_number="4" readbackverify="false" size_in_KB="262144.0" sparse="true" start_byte_hex="0x59f9a000" start_sector="368538"/>
  <program SECTOR_SIZE_IN_BYTES="4096" file_sector_offset="0" filename="" label="devinfo" num_partition_sectors="1" partofsingleimage="false" physical_partition_number="4" readbackverify="false" size_in_KB="4.0" sparse="false" start_byte_hex="0x69f9a000" start_sector="434074"/>
  <program SECTOR_SIZE_IN_BYTES="4096" file_sector_offset="0" filename="" label="dip" num_partition_sectors="256" partofsingleimage="false" physical_partition_number="4" readbackverify="false" size_in_KB="1024.0" sparse="false" start_byte_hex="0x69f9b000" start_sector="434075"/>
  <program SECTOR_SIZE_IN_BYTES="4096" file_sector_offset="0" filename="apdp.mbn" label="apdp" num_partition_sectors="64" partofsingleimage="false" physical_partition_number="4" readbackverify="false" size_in_KB="256.0" sparse="false" start_byte_hex="0x6a09b000" start_sector="434331"/>
  <program SECTOR_SIZE_IN_BYTES="4096" file_sector_offset="0" filename="" label="apdp_full" num_partition_sectors="64" partofsingleimage="false" physical_partition_number="4" readbackverify="false" size_in_KB="256.0" sparse="false" start_byte_hex="0x6a0db000" start_sector="434395"/>
  <program SECTOR_SIZE_IN_BYTES="4096" file_sector_offset="0" filename="" label="msadp" num_partition_sectors="64" partofsingleimage="false" physical_partition_number="4" readbackverify="false" size_in_KB="256.0" sparse="false" start_byte_hex="0x6a11b000" start_sector="434459"/>
  <program SECTOR_SIZE_IN_BYTES="4096" file_sector_offset="0" filename="spunvm.bin" label="spunvm" num_partition_sectors="8192" partofsingleimage="false" physical_partition_number="4" readbackverify="false" size_in_KB="32768.0" sparse="false" start_byte_hex="0x6a15b000" start_sector="434523"/>
  <program SECTOR_SIZE_IN_BYTES="4096" file_sector_offset="0" filename="splash.img" label="splash" num_partition_sectors="8356" partofsingleimage="false" physical_partition_number="4" readbackverify="false" size_in_KB="33424.0" sparse="false" start_byte_hex="0x6c15b000" start_sector="442715"/>
  <program SECTOR_SIZE_IN_BYTES="4096" file_sector_offset="0" filename="" label="limits" num_partition_sectors="1" partofsingleimage="false" physical_partition_number="4" readbackverify="false" size_in_KB="4.0" sparse="false" start_byte_hex="0x6e1ff000" start_sector="451071"/>
  <program SECTOR_SIZE_IN_BYTES="4096" file_sector_offset="0" filename="" label="limits-cdsp" num_partition_sectors="1" partofsingleimage="false" physical_partition_number="4" readbackverify="false" size_in_KB="4.0" sparse="false" start_byte_hex="0x6e200000" start_sector="451072"/>
  <program SECTOR_SIZE_IN_BYTES="4096" file_sector_offset="0" filename="logfs_ufs_8mb.bin" label="logfs" num_partition_sectors="2048" partofsingleimage="false" physical_partition_number="4" readbackverify="false" size_in_KB="8192.0" sparse="false" start_byte_hex="0x6e201000" start_sector="451073"/>
  <program SECTOR_SIZE_IN_BYTES="4096" file_sector_offset="0" filename="" label="logdump" num_partition_sectors="16384" partofsingleimage="false" physical_partition_number="4" readbackverify="false" size_in_KB="65536.0" sparse="false" start_byte_hex="0x6ea01000" start_sector="453121"/>
  <program SECTOR_SIZE_IN_BYTES="4096" file_sector_offset="0" filename="modemdump.img" label="modemdump" num_partition_sectors="76800" partofsingleimage="false" physical_partition_number="4" readbackverify="false" size_in_KB="307200.0" sparse="true" start_byte_hex="0x72a01000" start_sector="469505"/>
  <program SECTOR_SIZE_IN_BYTES="4096" file_sector_offset="0" filename="" label="storsec" num_partition_sectors="32" partofsingleimage="false" physical_partition_number="4" readbackverify="false" size_in_KB="128.0" sparse="false" start_byte_hex="0x85601000" start_sector="546305"/>
  <program SECTOR_SIZE_IN_BYTES="4096" file_sector_offset="0" filename="" label="uefivarstore" num_partition_sectors="128" partofsingleimage="false" physical_partition_number="4" readbackverify="false" size_in_KB="512.0" sparse="false" start_byte_hex="0x85621000" start_sector="546337"/>
  <program SECTOR_SIZE_IN_BYTES="4096" file_sector_offset="0" filename="sec.dat" label="secdata" num_partition_sectors="7" partofsingleimage="false" physical_partition_number="4" readbackverify="false" size_in_KB="28.0" sparse="false" start_byte_hex="0x856a1000" start_sector="546465"/>
  <program SECTOR_SIZE_IN_BYTES="4096" file_sector_offset="0" filename="" label="vm-keystore" num_partition_sectors="32" partofsingleimage="false" physical_partition_number="4" readbackverify="false" size_in_KB="128.0" sparse="false" start_byte_hex="0x856a8000" start_sector="546472"/>
  <program SECTOR_SIZE_IN_BYTES="4096" file_sector_offset="0" filename="" label="vm-data" num_partition_sectors="1024" partofsingleimage="false" physical_partition_number="4" readbackverify="false" size_in_KB="4096.0" sparse="false" start_byte_hex="0x856c8000" start_sector="546504"/>
  <program SECTOR_SIZE_IN_BYTES="4096" file_sector_offset="0" filename="" label="last_parti" num_partition_sectors="0" partofsingleimage="false" physical_partition_number="4" readbackverify="false" size_in_KB="0" sparse="false" start_byte_hex="0x85ac8000" start_sector="547528"/>
  <program SECTOR_SIZE_IN_BYTES="4096" file_sector_offset="0" filename="gpt_main4.bin" label="PrimaryGPT" num_partition_sectors="6" partofsingleimage="true" physical_partition_number="4" readbackverify="false" size_in_KB="24.0" sparse="false" start_byte_hex="0x0" start_sector="0"/>
  <program SECTOR_SIZE_IN_BYTES="4096" file_sector_offset="0" filename="gpt_backup4.bin" label="BackupGPT" num_partition_sectors="5" partofsingleimage="true" physical_partition_number="4" readbackverify="false" size_in_KB="20.0" sparse="false" start_byte_hex="(4096*NUM_DISK_SECTORS)-20480." start_sector="NUM_DISK_SECTORS-5."/>
</data>
