<?xml version="1.0" ?>
<data>
  <!--NOTE: This is an ** Autogenerated file **-->
  <!--NOTE: Sector size is 4096bytes-->
  <program SECTOR_SIZE_IN_BYTES="4096" file_sector_offset="0" filename="xbl_s.melf" label="xbl_a" num_partition_sectors="1536" partofsingleimage="false" physical_partition_number="1" readbackverify="false" size_in_KB="6144.0" sparse="false" start_byte_hex="0x6000" start_sector="6"/>
  <program SECTOR_SIZE_IN_BYTES="4096" file_sector_offset="0" filename="xbl_config.elf" label="xbl_config_a" num_partition_sectors="75" partofsingleimage="false" physical_partition_number="1" readbackverify="false" size_in_KB="300.0" sparse="false" start_byte_hex="0x606000" start_sector="1542"/>
  <program SECTOR_SIZE_IN_BYTES="4096" file_sector_offset="0" filename="" label="multiimgqti_a" num_partition_sectors="8" partofsingleimage="false" physical_partition_number="1" readbackverify="false" size_in_KB="32.0" sparse="false" start_byte_hex="0x651000" start_sector="1617"/>
  <program SECTOR_SIZE_IN_BYTES="4096" file_sector_offset="0" filename="" label="multiimgoem_a" num_partition_sectors="8" partofsingleimage="false" physical_partition_number="1" readbackverify="false" size_in_KB="32.0" sparse="false" start_byte_hex="0x659000" start_sector="1625"/>
  <program SECTOR_SIZE_IN_BYTES="4096" file_sector_offset="0" filename="apdp.mbn" label="apdp" num_partition_sectors="64" partofsingleimage="false" physical_partition_number="1" readbackverify="false" size_in_KB="256.0" sparse="false" start_byte_hex="0x661000" start_sector="1633"/>
  <program SECTOR_SIZE_IN_BYTES="4096" file_sector_offset="0" filename="" label="last_parti" num_partition_sectors="0" partofsingleimage="false" physical_partition_number="1" readbackverify="false" size_in_KB="0" sparse="false" start_byte_hex="0x6a1000" start_sector="1697"/>
  <program SECTOR_SIZE_IN_BYTES="4096" file_sector_offset="0" filename="gpt_main1.bin" label="PrimaryGPT" num_partition_sectors="6" partofsingleimage="true" physical_partition_number="1" readbackverify="false" size_in_KB="24.0" sparse="false" start_byte_hex="0x0" start_sector="0"/>
  <program SECTOR_SIZE_IN_BYTES="4096" file_sector_offset="0" filename="gpt_backup1.bin" label="BackupGPT" num_partition_sectors="5" partofsingleimage="true" physical_partition_number="1" readbackverify="false" size_in_KB="20.0" sparse="false" start_byte_hex="(4096*NUM_DISK_SECTORS)-20480." start_sector="NUM_DISK_SECTORS-5."/>
</data>
