<?xml version="1.0" ?>
<data>
  <!--NOTE: This is an ** Autogenerated file **-->
  <!--NOTE: Sector size is 4096bytes-->
  <program SECTOR_SIZE_IN_BYTES="4096" file_sector_offset="0" filename="？" label="ALIGN_TO_128K_2" num_partition_sectors="26" partofsingleimage="false" physical_partition_number="5" readbackverify="false" size_in_KB="104.0" sparse="false" start_byte_hex="0x6000" start_sector="6"/>
  <program SECTOR_SIZE_IN_BYTES="4096" file_sector_offset="0" filename="" label="oplusdycnvbk" num_partition_sectors="5120" partofsingleimage="false" physical_partition_number="5" readbackverify="false" size_in_KB="20480.0" sparse="false" start_byte_hex="0x20000" start_sector="32"/>
  <program SECTOR_SIZE_IN_BYTES="4096" file_sector_offset="0" filename="？" label="oplusstanvbk_a" num_partition_sectors="5120" partofsingleimage="false" physical_partition_number="5" readbackverify="false" size_in_KB="20480.0" sparse="false" start_byte_hex="0x1420000" start_sector="5152"/>
  <program SECTOR_SIZE_IN_BYTES="4096" file_sector_offset="0" filename="" label="modemst1" num_partition_sectors="768" partofsingleimage="false" physical_partition_number="5" readbackverify="false" size_in_KB="3072.0" sparse="false" start_byte_hex="0x2820000" start_sector="10272"/>
  <program SECTOR_SIZE_IN_BYTES="4096" file_sector_offset="0" filename="" label="modemst2" num_partition_sectors="768" partofsingleimage="false" physical_partition_number="5" readbackverify="false" size_in_KB="3072.0" sparse="false" start_byte_hex="0x2b20000" start_sector="11040"/>
  <program SECTOR_SIZE_IN_BYTES="4096" file_sector_offset="0" filename="" label="fsg" num_partition_sectors="768" partofsingleimage="false" physical_partition_number="5" readbackverify="false" size_in_KB="3072.0" sparse="false" start_byte_hex="0x2e20000" start_sector="11808"/>
  <program SECTOR_SIZE_IN_BYTES="4096" file_sector_offset="0" filename="" label="fsc" num_partition_sectors="32" partofsingleimage="false" physical_partition_number="5" readbackverify="false" size_in_KB="128.0" sparse="false" start_byte_hex="0x3120000" start_sector="12576"/>
  <program SECTOR_SIZE_IN_BYTES="4096" file_sector_offset="0" filename="？" label="mdm1oemnvbktmp" num_partition_sectors="512" partofsingleimage="false" physical_partition_number="5" readbackverify="false" size_in_KB="2048.0" sparse="false" start_byte_hex="0x3140000" start_sector="12608"/>
  <program SECTOR_SIZE_IN_BYTES="4096" file_sector_offset="0" filename="" label="oplusreserve1" num_partition_sectors="2048" partofsingleimage="false" physical_partition_number="5" readbackverify="false" size_in_KB="8192.0" sparse="false" start_byte_hex="0x3340000" start_sector="13120"/>
  <program SECTOR_SIZE_IN_BYTES="4096" file_sector_offset="0" filename="" label="oplusreserve2" num_partition_sectors="65536" partofsingleimage="false" physical_partition_number="5" readbackverify="false" size_in_KB="262144.0" sparse="true" start_byte_hex="0x3b40000" start_sector="15168"/>
  <program SECTOR_SIZE_IN_BYTES="4096" file_sector_offset="0" filename="" label="oplusreserve3" num_partition_sectors="16384" partofsingleimage="false" physical_partition_number="5" readbackverify="false" size_in_KB="65536.0" sparse="false" start_byte_hex="0x13b40000" start_sector="80704"/>
  <program SECTOR_SIZE_IN_BYTES="4096" file_sector_offset="0" filename="？" label="oplusreserve4" num_partition_sectors="8192" partofsingleimage="false" physical_partition_number="5" readbackverify="false" size_in_KB="32768.0" sparse="false" start_byte_hex="0x17b40000" start_sector="97088"/>
  <program SECTOR_SIZE_IN_BYTES="4096" file_sector_offset="0" filename="？" label="oplusreserve5" num_partition_sectors="16384" partofsingleimage="false" physical_partition_number="5" readbackverify="false" size_in_KB="65536.0" sparse="false" start_byte_hex="0x19b40000" start_sector="105280"/>
  <program SECTOR_SIZE_IN_BYTES="4096" file_sector_offset="0" filename="DRIVER.ISO" label="DRIVER" num_partition_sectors="8192" partofsingleimage="false" physical_partition_number="5" readbackverify="false" size_in_KB="32768.0" sparse="false" start_byte_hex="0x1db40000" start_sector="121664"/>
  <program SECTOR_SIZE_IN_BYTES="4096" file_sector_offset="0" filename="？" label="oplusstanvbk_b" num_partition_sectors="5120" partofsingleimage="false" physical_partition_number="5" readbackverify="false" size_in_KB="20480.0" sparse="false" start_byte_hex="0x1fb40000" start_sector="129856"/>
  <program SECTOR_SIZE_IN_BYTES="4096" file_sector_offset="0" filename="？" label="param" num_partition_sectors="256" partofsingleimage="false" physical_partition_number="5" readbackverify="false" size_in_KB="1024.0" sparse="false" start_byte_hex="0x20f40000" start_sector="134976"/>
  <program SECTOR_SIZE_IN_BYTES="4096" file_sector_offset="0" filename="？" label="preisp_otp" num_partition_sectors="128" partofsingleimage="false" physical_partition_number="5" readbackverify="false" size_in_KB="512.0" sparse="false" start_byte_hex="0x21040000" start_sector="135232"/>
  <program SECTOR_SIZE_IN_BYTES="4096" file_sector_offset="0" filename="？" label="preisp_dt" num_partition_sectors="32" partofsingleimage="false" physical_partition_number="5" readbackverify="false" size_in_KB="128.0" sparse="false" start_byte_hex="0x210c0000" start_sector="135360"/>
  <program SECTOR_SIZE_IN_BYTES="4096" file_sector_offset="0" filename="？" label="preisp_dt_bk" num_partition_sectors="32" partofsingleimage="false" physical_partition_number="5" readbackverify="false" size_in_KB="128.0" sparse="false" start_byte_hex="0x210e0000" start_sector="135392"/>
  <program SECTOR_SIZE_IN_BYTES="4096" file_sector_offset="0" filename="" label="last_parti" num_partition_sectors="0" partofsingleimage="false" physical_partition_number="5" readbackverify="false" size_in_KB="0" sparse="false" start_byte_hex="0x21100000" start_sector="135424"/>
  <program SECTOR_SIZE_IN_BYTES="4096" file_sector_offset="0" filename="gpt_main5.bin" label="PrimaryGPT" num_partition_sectors="6" partofsingleimage="true" physical_partition_number="5" readbackverify="false" size_in_KB="24.0" sparse="false" start_byte_hex="0x0" start_sector="0"/>
  <program SECTOR_SIZE_IN_BYTES="4096" file_sector_offset="0" filename="gpt_backup5.bin" label="BackupGPT" num_partition_sectors="5" partofsingleimage="true" physical_partition_number="5" readbackverify="false" size_in_KB="20.0" sparse="false" start_byte_hex="(4096*NUM_DISK_SECTORS)-20480." start_sector="NUM_DISK_SECTORS-5."/>
</data>
