<?xml version="1.0" ?>
<data>
  <!--NOTE: This is an ** Autogenerated file **-->
  <!--NOTE: Sector size is 4096bytes-->
  <program SECTOR_SIZE_IN_BYTES="4096" file_sector_offset="0" filename="uefi.elf" label="uefi_a" num_partition_sectors="1280" partofsingleimage="false" physical_partition_number="4" readbackverify="false" size_in_KB="5120.0" sparse="false" start_byte_hex="0x6000" start_sector="6"/>
  <program SECTOR_SIZE_IN_BYTES="4096" file_sector_offset="0" filename="aop.mbn" label="aop_a" num_partition_sectors="128" partofsingleimage="false" physical_partition_number="4" readbackverify="false" size_in_KB="512.0" sparse="false" start_byte_hex="0x506000" start_sector="1286"/>
  <program SECTOR_SIZE_IN_BYTES="4096" file_sector_offset="0" filename="aop_devcfg.mbn" label="aop_config_a" num_partition_sectors="128" partofsingleimage="false" physical_partition_number="4" readbackverify="false" size_in_KB="512.0" sparse="false" start_byte_hex="0x586000" start_sector="1414"/>
  <program SECTOR_SIZE_IN_BYTES="4096" file_sector_offset="0" filename="tz.mbn" label="tz_a" num_partition_sectors="1024" partofsingleimage="false" physical_partition_number="4" readbackverify="false" size_in_KB="4096.0" sparse="false" start_byte_hex="0x606000" start_sector="1542"/>
  <program SECTOR_SIZE_IN_BYTES="4096" file_sector_offset="0" filename="hypvm.mbn" label="hyp_a" num_partition_sectors="2048" partofsingleimage="false" physical_partition_number="4" readbackverify="false" size_in_KB="8192.0" sparse="false" start_byte_hex="0xa06000" start_sector="2566"/>
  <program SECTOR_SIZE_IN_BYTES="4096" file_sector_offset="0" filename="NON-HLOS.bin" label="modem_a" num_partition_sectors="76800" partofsingleimage="false" physical_partition_number="4" readbackverify="false" size_in_KB="307200.0" sparse="false" start_byte_hex="0x1206000" start_sector="4614"/>
  <program SECTOR_SIZE_IN_BYTES="4096" file_sector_offset="0" filename="BTFM.bin" label="bluetooth_a" num_partition_sectors="1536" partofsingleimage="false" physical_partition_number="4" readbackverify="false" size_in_KB="6144.0" sparse="false" start_byte_hex="0x13e06000" start_sector="81414"/>
  <program SECTOR_SIZE_IN_BYTES="4096" file_sector_offset="0" filename="？" label="mdtpsecapp_a" num_partition_sectors="1024" partofsingleimage="false" physical_partition_number="4" readbackverify="false" size_in_KB="4096.0" sparse="false" start_byte_hex="0x14406000" start_sector="82950"/>
  <program SECTOR_SIZE_IN_BYTES="4096" file_sector_offset="0" filename="？" label="mdtp_a" num_partition_sectors="8192" partofsingleimage="false" physical_partition_number="4" readbackverify="false" size_in_KB="32768.0" sparse="false" start_byte_hex="0x14806000" start_sector="83974"/>
  <program SECTOR_SIZE_IN_BYTES="4096" file_sector_offset="0" filename="abl.elf" label="abl_a" num_partition_sectors="256" partofsingleimage="false" physical_partition_number="4" readbackverify="false" size_in_KB="1024.0" sparse="false" start_byte_hex="0x16806000" start_sector="92166"/>
  <program SECTOR_SIZE_IN_BYTES="4096" file_sector_offset="0" filename="dspso.bin" label="dsp_a" num_partition_sectors="16384" partofsingleimage="false" physical_partition_number="4" readbackverify="false" size_in_KB="65536.0" sparse="false" start_byte_hex="0x16906000" start_sector="92422"/>
  <program SECTOR_SIZE_IN_BYTES="4096" file_sector_offset="0" filename="keymint.mbn" label="keymaster_a" num_partition_sectors="128" partofsingleimage="false" physical_partition_number="4" readbackverify="false" size_in_KB="512.0" sparse="false" start_byte_hex="0x1a906000" start_sector="108806"/>
  <program SECTOR_SIZE_IN_BYTES="4096" file_sector_offset="0" filename="boot.img" label="boot_a" num_partition_sectors="49152" partofsingleimage="false" physical_partition_number="4" readbackverify="false" size_in_KB="196608.0" sparse="false" start_byte_hex="0x1a986000" start_sector="108934"/>
  <program SECTOR_SIZE_IN_BYTES="4096" file_sector_offset="0" filename="devcfg.mbn" label="devcfg_a" num_partition_sectors="32" partofsingleimage="false" physical_partition_number="4" readbackverify="false" size_in_KB="128.0" sparse="false" start_byte_hex="0x26986000" start_sector="158086"/>
  <program SECTOR_SIZE_IN_BYTES="4096" file_sector_offset="0" filename="qupv3fw.elf" label="qupfw_a" num_partition_sectors="20" partofsingleimage="false" physical_partition_number="4" readbackverify="false" size_in_KB="80.0" sparse="false" start_byte_hex="0x269a6000" start_sector="158118"/>
  <program SECTOR_SIZE_IN_BYTES="4096" file_sector_offset="0" filename="vbmeta.img" label="vbmeta_a" num_partition_sectors="16" partofsingleimage="false" physical_partition_number="4" readbackverify="false" size_in_KB="64.0" sparse="false" start_byte_hex="0x269ba000" start_sector="158138"/>
  <program SECTOR_SIZE_IN_BYTES="4096" file_sector_offset="0" filename="dtbo.img" label="dtbo_a" num_partition_sectors="6144" partofsingleimage="false" physical_partition_number="4" readbackverify="false" size_in_KB="24576.0" sparse="false" start_byte_hex="0x269ca000" start_sector="158154"/>
  <program SECTOR_SIZE_IN_BYTES="4096" file_sector_offset="0" filename="uefi_sec.mbn" label="uefisecapp_a" num_partition_sectors="512" partofsingleimage="false" physical_partition_number="4" readbackverify="false" size_in_KB="2048.0" sparse="false" start_byte_hex="0x281ca000" start_sector="164298"/>
  <program SECTOR_SIZE_IN_BYTES="4096" file_sector_offset="0" filename="imagefv.elf" label="imagefv_a" num_partition_sectors="512" partofsingleimage="false" physical_partition_number="4" readbackverify="false" size_in_KB="2048.0" sparse="false" start_byte_hex="0x283ca000" start_sector="164810"/>
  <program SECTOR_SIZE_IN_BYTES="4096" file_sector_offset="0" filename="shrm.elf" label="shrm_a" num_partition_sectors="32" partofsingleimage="false" physical_partition_number="4" readbackverify="false" size_in_KB="128.0" sparse="false" start_byte_hex="0x285ca000" start_sector="165322"/>
  <program SECTOR_SIZE_IN_BYTES="4096" file_sector_offset="0" filename="？" label="vm-bootsys_a" num_partition_sectors="137500" partofsingleimage="false" physical_partition_number="4" readbackverify="false" size_in_KB="550000.0" sparse="true" start_byte_hex="0x285ea000" start_sector="165354"/>
  <program SECTOR_SIZE_IN_BYTES="4096" file_sector_offset="0" filename="cpucp.elf" label="cpucp_a" num_partition_sectors="256" partofsingleimage="false" physical_partition_number="4" readbackverify="false" size_in_KB="1024.0" sparse="false" start_byte_hex="0x49f06000" start_sector="302854"/>
  <program SECTOR_SIZE_IN_BYTES="4096" file_sector_offset="0" filename="featenabler.mbn" label="featenabler_a" num_partition_sectors="32" partofsingleimage="false" physical_partition_number="4" readbackverify="false" size_in_KB="128.0" sparse="false" start_byte_hex="0x4a006000" start_sector="303110"/>
  <program SECTOR_SIZE_IN_BYTES="4096" file_sector_offset="0" filename="vendor_boot.img" label="vendor_boot_a" num_partition_sectors="49152" partofsingleimage="false" physical_partition_number="4" readbackverify="false" size_in_KB="196608.0" sparse="false" start_byte_hex="0x4a026000" start_sector="303142"/>
  <program SECTOR_SIZE_IN_BYTES="4096" file_sector_offset="0" filename="？" label="qmcs" num_partition_sectors="7680" partofsingleimage="false" physical_partition_number="4" readbackverify="false" size_in_KB="30720.0" sparse="false" start_byte_hex="0x56026000" start_sector="352294"/>
  <program SECTOR_SIZE_IN_BYTES="4096" file_sector_offset="0" filename="？" label="qweslicstore_a" num_partition_sectors="64" partofsingleimage="false" physical_partition_number="4" readbackverify="false" size_in_KB="256.0" sparse="false" start_byte_hex="0x57e26000" start_sector="359974"/>
  <program SECTOR_SIZE_IN_BYTES="4096" file_sector_offset="0" filename="oplus_sec.mbn" label="oplus_sec_a" num_partition_sectors="2560" partofsingleimage="false" physical_partition_number="4" readbackverify="false" size_in_KB="10240.0" sparse="false" start_byte_hex="0x57e66000" start_sector="360038"/>
  <program SECTOR_SIZE_IN_BYTES="4096" file_sector_offset="0" filename="recovery.img" label="recovery_a" num_partition_sectors="25600" partofsingleimage="false" physical_partition_number="4" readbackverify="false" size_in_KB="102400.0" sparse="false" start_byte_hex="0x58866000" start_sector="362598"/>
  <program SECTOR_SIZE_IN_BYTES="4096" file_sector_offset="0" filename="splash.img" label="splash_a" num_partition_sectors="8356" partofsingleimage="false" physical_partition_number="4" readbackverify="false" size_in_KB="33424.0" sparse="false" start_byte_hex="0x5ec66000" start_sector="388198"/>
  <program SECTOR_SIZE_IN_BYTES="4096" file_sector_offset="0" filename="XblRamdump.elf" label="xbl_ramdump_a" num_partition_sectors="512" partofsingleimage="false" physical_partition_number="4" readbackverify="false" size_in_KB="2048.0" sparse="false" start_byte_hex="0x60d0a000" start_sector="396554"/>
  <program SECTOR_SIZE_IN_BYTES="4096" file_sector_offset="0" filename="？" label="rticmpdata_a" num_partition_sectors="13" partofsingleimage="false" physical_partition_number="4" readbackverify="false" size_in_KB="52.0" sparse="false" start_byte_hex="0x60f0a000" start_sector="397066"/>
  <program SECTOR_SIZE_IN_BYTES="4096" file_sector_offset="0" filename="init_boot.img" label="init_boot_a" num_partition_sectors="2048" partofsingleimage="false" physical_partition_number="4" readbackverify="false" size_in_KB="8192.0" sparse="false" start_byte_hex="0x60f17000" start_sector="397079"/>
  <program SECTOR_SIZE_IN_BYTES="4096" file_sector_offset="0" filename="-" label="uefi_b" num_partition_sectors="1280" partofsingleimage="false" physical_partition_number="4" readbackverify="false" size_in_KB="5120.0" sparse="false" start_byte_hex="0x61717000" start_sector="399127"/>
  <program SECTOR_SIZE_IN_BYTES="4096" file_sector_offset="0" filename="-" label="aop_b" num_partition_sectors="128" partofsingleimage="false" physical_partition_number="4" readbackverify="false" size_in_KB="512.0" sparse="false" start_byte_hex="0x61c17000" start_sector="400407"/>
  <program SECTOR_SIZE_IN_BYTES="4096" file_sector_offset="0" filename="-" label="aop_config_b" num_partition_sectors="128" partofsingleimage="false" physical_partition_number="4" readbackverify="false" size_in_KB="512.0" sparse="false" start_byte_hex="0x61c97000" start_sector="400535"/>
  <program SECTOR_SIZE_IN_BYTES="4096" file_sector_offset="0" filename="-" label="tz_b" num_partition_sectors="1024" partofsingleimage="false" physical_partition_number="4" readbackverify="false" size_in_KB="4096.0" sparse="false" start_byte_hex="0x61d17000" start_sector="400663"/>
  <program SECTOR_SIZE_IN_BYTES="4096" file_sector_offset="0" filename="-" label="hyp_b" num_partition_sectors="2048" partofsingleimage="false" physical_partition_number="4" readbackverify="false" size_in_KB="8192.0" sparse="false" start_byte_hex="0x62117000" start_sector="401687"/>
  <program SECTOR_SIZE_IN_BYTES="4096" file_sector_offset="0" filename="-" label="modem_b" num_partition_sectors="76800" partofsingleimage="false" physical_partition_number="4" readbackverify="false" size_in_KB="307200.0" sparse="false" start_byte_hex="0x62917000" start_sector="403735"/>
  <program SECTOR_SIZE_IN_BYTES="4096" file_sector_offset="0" filename="-" label="bluetooth_b" num_partition_sectors="1536" partofsingleimage="false" physical_partition_number="4" readbackverify="false" size_in_KB="6144.0" sparse="false" start_byte_hex="0x75517000" start_sector="480535"/>
  <program SECTOR_SIZE_IN_BYTES="4096" file_sector_offset="0" filename="-" label="mdtpsecapp_b" num_partition_sectors="1024" partofsingleimage="false" physical_partition_number="4" readbackverify="false" size_in_KB="4096.0" sparse="false" start_byte_hex="0x75b17000" start_sector="482071"/>
  <program SECTOR_SIZE_IN_BYTES="4096" file_sector_offset="0" filename="-" label="mdtp_b" num_partition_sectors="8192" partofsingleimage="false" physical_partition_number="4" readbackverify="false" size_in_KB="32768.0" sparse="false" start_byte_hex="0x75f17000" start_sector="483095"/>
  <program SECTOR_SIZE_IN_BYTES="4096" file_sector_offset="0" filename="-" label="abl_b" num_partition_sectors="256" partofsingleimage="false" physical_partition_number="4" readbackverify="false" size_in_KB="1024.0" sparse="false" start_byte_hex="0x77f17000" start_sector="491287"/>
  <program SECTOR_SIZE_IN_BYTES="4096" file_sector_offset="0" filename="-" label="dsp_b" num_partition_sectors="16384" partofsingleimage="false" physical_partition_number="4" readbackverify="false" size_in_KB="65536.0" sparse="false" start_byte_hex="0x78017000" start_sector="491543"/>
  <program SECTOR_SIZE_IN_BYTES="4096" file_sector_offset="0" filename="-" label="keymaster_b" num_partition_sectors="128" partofsingleimage="false" physical_partition_number="4" readbackverify="false" size_in_KB="512.0" sparse="false" start_byte_hex="0x7c017000" start_sector="507927"/>
  <program SECTOR_SIZE_IN_BYTES="4096" file_sector_offset="0" filename="-" label="boot_b" num_partition_sectors="49152" partofsingleimage="false" physical_partition_number="4" readbackverify="false" size_in_KB="196608.0" sparse="false" start_byte_hex="0x7c097000" start_sector="508055"/>
  <program SECTOR_SIZE_IN_BYTES="4096" file_sector_offset="0" filename="-" label="devcfg_b" num_partition_sectors="32" partofsingleimage="false" physical_partition_number="4" readbackverify="false" size_in_KB="128.0" sparse="false" start_byte_hex="0x88097000" start_sector="557207"/>
  <program SECTOR_SIZE_IN_BYTES="4096" file_sector_offset="0" filename="-" label="qupfw_b" num_partition_sectors="20" partofsingleimage="false" physical_partition_number="4" readbackverify="false" size_in_KB="80.0" sparse="false" start_byte_hex="0x880b7000" start_sector="557239"/>
  <program SECTOR_SIZE_IN_BYTES="4096" file_sector_offset="0" filename="-" label="vbmeta_b" num_partition_sectors="16" partofsingleimage="false" physical_partition_number="4" readbackverify="false" size_in_KB="64.0" sparse="false" start_byte_hex="0x880cb000" start_sector="557259"/>
  <program SECTOR_SIZE_IN_BYTES="4096" file_sector_offset="0" filename="-" label="dtbo_b" num_partition_sectors="6144" partofsingleimage="false" physical_partition_number="4" readbackverify="false" size_in_KB="24576.0" sparse="false" start_byte_hex="0x880db000" start_sector="557275"/>
  <program SECTOR_SIZE_IN_BYTES="4096" file_sector_offset="0" filename="-" label="uefisecapp_b" num_partition_sectors="512" partofsingleimage="false" physical_partition_number="4" readbackverify="false" size_in_KB="2048.0" sparse="false" start_byte_hex="0x898db000" start_sector="563419"/>
  <program SECTOR_SIZE_IN_BYTES="4096" file_sector_offset="0" filename="-" label="imagefv_b" num_partition_sectors="512" partofsingleimage="false" physical_partition_number="4" readbackverify="false" size_in_KB="2048.0" sparse="false" start_byte_hex="0x89adb000" start_sector="563931"/>
  <program SECTOR_SIZE_IN_BYTES="4096" file_sector_offset="0" filename="-" label="shrm_b" num_partition_sectors="32" partofsingleimage="false" physical_partition_number="4" readbackverify="false" size_in_KB="128.0" sparse="false" start_byte_hex="0x89cdb000" start_sector="564443"/>
  <program SECTOR_SIZE_IN_BYTES="4096" file_sector_offset="0" filename="-" label="vm-bootsys_b" num_partition_sectors="137500" partofsingleimage="false" physical_partition_number="4" readbackverify="false" size_in_KB="550000.0" sparse="false" start_byte_hex="0x89cfb000" start_sector="564475"/>
  <program SECTOR_SIZE_IN_BYTES="4096" file_sector_offset="0" filename="-" label="cpucp_b" num_partition_sectors="256" partofsingleimage="false" physical_partition_number="4" readbackverify="false" size_in_KB="1024.0" sparse="false" start_byte_hex="0xab617000" start_sector="701975"/>
  <program SECTOR_SIZE_IN_BYTES="4096" file_sector_offset="0" filename="-" label="featenabler_b" num_partition_sectors="32" partofsingleimage="false" physical_partition_number="4" readbackverify="false" size_in_KB="128.0" sparse="false" start_byte_hex="0xab717000" start_sector="702231"/>
  <program SECTOR_SIZE_IN_BYTES="4096" file_sector_offset="0" filename="-" label="vendor_boot_b" num_partition_sectors="49152" partofsingleimage="false" physical_partition_number="4" readbackverify="false" size_in_KB="196608.0" sparse="false" start_byte_hex="0xab737000" start_sector="702263"/>
  <program SECTOR_SIZE_IN_BYTES="4096" file_sector_offset="0" filename="-" label="qweslicstore_b" num_partition_sectors="64" partofsingleimage="false" physical_partition_number="4" readbackverify="false" size_in_KB="256.0" sparse="false" start_byte_hex="0xb7737000" start_sector="751415"/>
  <program SECTOR_SIZE_IN_BYTES="4096" file_sector_offset="0" filename="oplus_sec.mbn" label="oplus_sec_b" num_partition_sectors="2560" partofsingleimage="false" physical_partition_number="4" readbackverify="false" size_in_KB="10240.0" sparse="false" start_byte_hex="0xb7777000" start_sector="751479"/>
  <program SECTOR_SIZE_IN_BYTES="4096" file_sector_offset="0" filename="-" label="recovery_b" num_partition_sectors="25600" partofsingleimage="false" physical_partition_number="4" readbackverify="false" size_in_KB="102400.0" sparse="false" start_byte_hex="0xb8177000" start_sector="754039"/>
  <program SECTOR_SIZE_IN_BYTES="4096" file_sector_offset="0" filename="splash.img" label="splash_b" num_partition_sectors="8356" partofsingleimage="false" physical_partition_number="4" readbackverify="false" size_in_KB="33424.0" sparse="false" start_byte_hex="0xbe577000" start_sector="779639"/>
  <program SECTOR_SIZE_IN_BYTES="4096" file_sector_offset="0" filename="-" label="xbl_ramdump_b" num_partition_sectors="512" partofsingleimage="false" physical_partition_number="4" readbackverify="false" size_in_KB="2048.0" sparse="false" start_byte_hex="0xc061b000" start_sector="787995"/>
  <program SECTOR_SIZE_IN_BYTES="4096" file_sector_offset="0" filename="-" label="rticmpdata_b" num_partition_sectors="13" partofsingleimage="false" physical_partition_number="4" readbackverify="false" size_in_KB="52.0" sparse="false" start_byte_hex="0xc081b000" start_sector="788507"/>
  <program SECTOR_SIZE_IN_BYTES="4096" file_sector_offset="0" filename="-" label="init_boot_b" num_partition_sectors="2048" partofsingleimage="false" physical_partition_number="4" readbackverify="false" size_in_KB="8192.0" sparse="false" start_byte_hex="0xc0828000" start_sector="788520"/>
  <program SECTOR_SIZE_IN_BYTES="4096" file_sector_offset="0" filename="-" label="devinfo" num_partition_sectors="1" partofsingleimage="false" physical_partition_number="4" readbackverify="false" size_in_KB="4.0" sparse="false" start_byte_hex="0xc1028000" start_sector="790568"/>
  <program SECTOR_SIZE_IN_BYTES="4096" file_sector_offset="0" filename="-" label="dip" num_partition_sectors="256" partofsingleimage="false" physical_partition_number="4" readbackverify="false" size_in_KB="1024.0" sparse="false" start_byte_hex="0xc1029000" start_sector="790569"/>
  <program SECTOR_SIZE_IN_BYTES="4096" file_sector_offset="0" filename="-" label="limits" num_partition_sectors="1" partofsingleimage="false" physical_partition_number="4" readbackverify="false" size_in_KB="4.0" sparse="false" start_byte_hex="0xc1129000" start_sector="790825"/>
  <program SECTOR_SIZE_IN_BYTES="4096" file_sector_offset="0" filename="-" label="limits-cdsp" num_partition_sectors="1" partofsingleimage="false" physical_partition_number="4" readbackverify="false" size_in_KB="4.0" sparse="false" start_byte_hex="0xc112a000" start_sector="790826"/>
  <program SECTOR_SIZE_IN_BYTES="4096" file_sector_offset="0" filename="tools.fv" label="toolsfv" num_partition_sectors="256" partofsingleimage="false" physical_partition_number="4" readbackverify="false" size_in_KB="1024.0" sparse="false" start_byte_hex="0xc112b000" start_sector="790827"/>
  <program SECTOR_SIZE_IN_BYTES="4096" file_sector_offset="0" filename="logfs_ufs_8mb.bin" label="logfs" num_partition_sectors="2048" partofsingleimage="false" physical_partition_number="4" readbackverify="false" size_in_KB="8192.0" sparse="false" start_byte_hex="0xc122b000" start_sector="791083"/>
  <program SECTOR_SIZE_IN_BYTES="4096" file_sector_offset="0" filename="-" label="logdump" num_partition_sectors="131072" partofsingleimage="false" physical_partition_number="4" readbackverify="false" size_in_KB="524288.0" sparse="false" start_byte_hex="0xc1a2b000" start_sector="793131"/>
  <program SECTOR_SIZE_IN_BYTES="4096" file_sector_offset="0" filename="storsec.mbn" label="storsec" num_partition_sectors="32" partofsingleimage="false" physical_partition_number="4" readbackverify="false" size_in_KB="128.0" sparse="false" start_byte_hex="0xe1a2b000" start_sector="924203"/>
  <program SECTOR_SIZE_IN_BYTES="4096" file_sector_offset="0" filename="-" label="uefivarstore" num_partition_sectors="128" partofsingleimage="false" physical_partition_number="4" readbackverify="false" size_in_KB="512.0" sparse="false" start_byte_hex="0xe1a4b000" start_sector="924235"/>
  <program SECTOR_SIZE_IN_BYTES="4096" file_sector_offset="0" filename="" label="secdata" num_partition_sectors="7" partofsingleimage="false" physical_partition_number="4" readbackverify="false" size_in_KB="28.0" sparse="false" start_byte_hex="0xe1acb000" start_sector="924363"/>
  <program SECTOR_SIZE_IN_BYTES="4096" file_sector_offset="0" filename="-" label="vm-data" num_partition_sectors="8356" partofsingleimage="false" physical_partition_number="4" readbackverify="false" size_in_KB="33424.0" sparse="false" start_byte_hex="0xe1ad2000" start_sector="924370"/>
  <program SECTOR_SIZE_IN_BYTES="4096" file_sector_offset="0" filename="-" label="vm-persist" num_partition_sectors="30720" partofsingleimage="false" physical_partition_number="4" readbackverify="false" size_in_KB="122880.0" sparse="true" start_byte_hex="0xe3b76000" start_sector="932726"/>
  <program SECTOR_SIZE_IN_BYTES="4096" file_sector_offset="0" filename="-" label="mdcompress" num_partition_sectors="5120" partofsingleimage="false" physical_partition_number="4" readbackverify="false" size_in_KB="20480.0" sparse="false" start_byte_hex="0xeb376000" start_sector="963446"/>
  <program SECTOR_SIZE_IN_BYTES="4096" file_sector_offset="0" filename="-" label="connsec" num_partition_sectors="32" partofsingleimage="false" physical_partition_number="4" readbackverify="false" size_in_KB="128.0" sparse="false" start_byte_hex="0xec776000" start_sector="968566"/>
  <program SECTOR_SIZE_IN_BYTES="4096" file_sector_offset="0" filename="-" label="tzsc" num_partition_sectors="32" partofsingleimage="false" physical_partition_number="4" readbackverify="false" size_in_KB="128.0" sparse="false" start_byte_hex="0xec796000" start_sector="968598"/>
  <program SECTOR_SIZE_IN_BYTES="4096" file_sector_offset="0" filename="-" label="spunvm" num_partition_sectors="8192" partofsingleimage="false" physical_partition_number="4" readbackverify="false" size_in_KB="32768.0" sparse="false" start_byte_hex="0xec7b6000" start_sector="968630"/>
  <program SECTOR_SIZE_IN_BYTES="4096" file_sector_offset="0" filename="-" label="rtice" num_partition_sectors="128" partofsingleimage="false" physical_partition_number="4" readbackverify="false" size_in_KB="512.0" sparse="false" start_byte_hex="0xee7b6000" start_sector="976822"/>
  <program SECTOR_SIZE_IN_BYTES="4096" file_sector_offset="0" filename="-" label="xbl_sc_test_mode" num_partition_sectors="16" partofsingleimage="false" physical_partition_number="4" readbackverify="false" size_in_KB="64.0" sparse="false" start_byte_hex="0xee836000" start_sector="976950"/>
  <program SECTOR_SIZE_IN_BYTES="4096" file_sector_offset="0" filename="-" label="xbl_sc_logs" num_partition_sectors="32" partofsingleimage="false" physical_partition_number="4" readbackverify="false" size_in_KB="128.0" sparse="false" start_byte_hex="0xee846000" start_sector="976966"/>
  <program SECTOR_SIZE_IN_BYTES="4096" file_sector_offset="0" filename="-" label="apdp_full" num_partition_sectors="64" partofsingleimage="false" physical_partition_number="4" readbackverify="false" size_in_KB="256.0" sparse="false" start_byte_hex="0xee866000" start_sector="976998"/>
  <program SECTOR_SIZE_IN_BYTES="4096" file_sector_offset="0" filename="" label="last_parti" num_partition_sectors="0" partofsingleimage="false" physical_partition_number="4" readbackverify="false" size_in_KB="0" sparse="false" start_byte_hex="0xee8a6000" start_sector="977062"/>
  <program SECTOR_SIZE_IN_BYTES="4096" file_sector_offset="0" filename="gpt_main4.bin" label="PrimaryGPT" num_partition_sectors="6" partofsingleimage="true" physical_partition_number="4" readbackverify="false" size_in_KB="24.0" sparse="false" start_byte_hex="0x0" start_sector="0"/>
  <program SECTOR_SIZE_IN_BYTES="4096" file_sector_offset="0" filename="gpt_backup4.bin" label="BackupGPT" num_partition_sectors="5" partofsingleimage="true" physical_partition_number="4" readbackverify="false" size_in_KB="20.0" sparse="false" start_byte_hex="(4096*NUM_DISK_SECTORS)-20480." start_sector="NUM_DISK_SECTORS-5."/>
</data>
